{
"type": "FeatureCollection",
"name": "Yerleşim_Nokta",
"bbox": [ 25.8861013, 35.9023409, 44.5762836, 42.0245979 ],                                                                        
"features": [
{ "type": "Feature", "properties": { "Il_Adi": "ADANA", "Ilce_Adi": null, "TİPİ": "İL" }, "bbox": [ 35.3336825, 36.9845145, 35.3336825, 36.9845145 ], "geometry": { "type": "Point", "coordinates": [ 35.3336825, 36.9845145 ] } },
{ "type": "Feature", "properties": { "Il_Adi": "ADIYAMAN", "Ilce_Adi": null, "TİPİ": "İL" }, "bbox": [ 38.2734918, 37.7554525, 38.2734918, 37.7554525 ], "geometry": { "type": "Point", "coordinates": [ 38.2734918, 37.7554525 ] } },
{ "type": "Feature", "properties": { "Il_Adi": "AFYONKARAHİSAR", "Ilce_Adi": null, "TİPİ": "İL" }, "bbox": [ 30.5368476, 38.7581182, 30.5368476, 38.7581182 ], "geometry": { "type": "Point", "coordinates": [ 30.5368476, 38.7581182 ] } },
{ "type": "Feature", "properties": { "Il_Adi": "AĞRI", "Ilce_Adi": null, "TİPİ": "İL" }, "bbox": [ 43.0401512, 39.7146656, 43.0401512, 39.7146656 ], "geometry": { "type": "Point", "coordinates": [ 43.0401512, 39.7146656 ] } },
{ "type": "Feature", "properties": { "Il_Adi": "AMASYA", "Ilce_Adi": null, "TİPİ": "İL" }, "bbox": [ 35.8266649, 40.6515744, 35.8266649, 40.6515744 ], "geometry": { "type": "Point", "coordinates": [ 35.8266649, 40.6515744 ] } },
{ "type": "Feature", "properties": { "Il_Adi": "ANKARA", "Ilce_Adi": null, "TİPİ": "İL" }, "bbox": [ 32.847847, 39.9383365, 32.847847, 39.9383365 ], "geometry": { "type": "Point", "coordinates": [ 32.847847, 39.9383365 ] } },
{ "type": "Feature", "properties": { "Il_Adi": "ANTALYA", "Ilce_Adi": null, "TİPİ": "İL" }, "bbox": [ 30.696249, 36.9071042, 30.696249, 36.9071042 ], "geometry": { "type": "Point", "coordinates": [ 30.696249, 36.9071042 ] } },
{ "type": "Feature", "properties": { "Il_Adi": "ARTVİN", "Ilce_Adi": null, "TİPİ": "İL" }, "bbox": [ 41.8411806, 41.178993, 41.8411806, 41.178993 ], "geometry": { "type": "Point", "coordinates": [ 41.8411806, 41.178993 ] } },
{ "type": "Feature", "properties": { "Il_Adi": "AYDIN", "Ilce_Adi": null, "TİPİ": "İL" }, "bbox": [ 27.8376953, 37.8407365, 27.8376953, 37.8407365 ], "geometry": { "type": "Point", "coordinates": [ 27.8376953, 37.8407365 ] } },
{ "type": "Feature", "properties": { "Il_Adi": "BİLECİK", "Ilce_Adi": null, "TİPİ": "İL" }, "bbox": [ 29.9823898, 40.1466564, 29.9823898, 40.1466564 ], "geometry": { "type": "Point", "coordinates": [ 29.9823898, 40.1466564 ] } },
{ "type": "Feature", "properties": { "Il_Adi": "BİNGÖL", "Ilce_Adi": null, "TİPİ": "İL" }, "bbox": [ 40.487216, 38.8837513, 40.487216, 38.8837513 ], "geometry": { "type": "Point", "coordinates": [ 40.487216, 38.8837513 ] } },
{ "type": "Feature", "properties": { "Il_Adi": "BİTLİS", "Ilce_Adi": null, "TİPİ": "İL" }, "bbox": [ 42.116956, 38.3996582, 42.116956, 38.3996582 ], "geometry": { "type": "Point", "coordinates": [ 42.116956, 38.3996582 ] } },
{ "type": "Feature", "properties": { "Il_Adi": "BOLU", "Ilce_Adi": null, "TİPİ": "İL" }, "bbox": [ 31.5854117, 40.7411649, 31.5854117, 40.7411649 ], "geometry": { "type": "Point", "coordinates": [ 31.5854117, 40.7411649 ] } },
{ "type": "Feature", "properties": { "Il_Adi": "BURDUR", "Ilce_Adi": null, "TİPİ": "İL" }, "bbox": [ 30.2832369, 37.7204159, 30.2832369, 37.7204159 ], "geometry": { "type": "Point", "coordinates": [ 30.2832369, 37.7204159 ] } },
{ "type": "Feature", "properties": { "Il_Adi": "BURSA", "Ilce_Adi": null, "TİPİ": "İL" }, "bbox": [ 29.0589158, 40.1965008, 29.0589158, 40.1965008 ], "geometry": { "type": "Point", "coordinates": [ 29.0589158, 40.1965008 ] } },
{ "type": "Feature", "properties": { "Il_Adi": "ÇANAKKALE", "Ilce_Adi": null, "TİPİ": "İL" }, "bbox": [ 26.41927, 40.1237988, 26.41927, 40.1237988 ], "geometry": { "type": "Point", "coordinates": [ 26.41927, 40.1237988 ] } },
{ "type": "Feature", "properties": { "Il_Adi": "ÇANKIRI", "Ilce_Adi": null, "TİPİ": "İL" }, "bbox": [ 33.6101919, 40.5909891, 33.6101919, 40.5909891 ], "geometry": { "type": "Point", "coordinates": [ 33.6101919, 40.5909891 ] } },
{ "type": "Feature", "properties": { "Il_Adi": "ÇORUM", "Ilce_Adi": null, "TİPİ": "İL" }, "bbox": [ 34.9486504, 40.5526396, 34.9486504, 40.5526396 ], "geometry": { "type": "Point", "coordinates": [ 34.9486504, 40.5526396 ] } },
{ "type": "Feature", "properties": { "Il_Adi": "DİYARBAKIR", "Ilce_Adi": null, "TİPİ": "İL" }, "bbox": [ 40.2125224, 37.9240813, 40.2125224, 37.9240813 ], "geometry": { "type": "Point", "coordinates": [ 40.2125224, 37.9240813 ] } },
{ "type": "Feature", "properties": { "Il_Adi": "EDİRNE", "Ilce_Adi": null, "TİPİ": "İL" }, "bbox": [ 26.5434895, 41.6761273, 26.5434895, 41.6761273 ], "geometry": { "type": "Point", "coordinates": [ 26.5434895, 41.6761273 ] } },
{ "type": "Feature", "properties": { "Il_Adi": "ELAZIĞ", "Ilce_Adi": null, "TİPİ": "İL" }, "bbox": [ 39.2068984, 38.6677539, 39.2068984, 38.6677539 ], "geometry": { "type": "Point", "coordinates": [ 39.2068984, 38.6677539 ] } },
{ "type": "Feature", "properties": { "Il_Adi": "ERZİNCAN", "Ilce_Adi": null, "TİPİ": "İL" }, "bbox": [ 39.4791516, 39.7484681, 39.4791516, 39.7484681 ], "geometry": { "type": "Point", "coordinates": [ 39.4791516, 39.7484681 ] } },
{ "type": "Feature", "properties": { "Il_Adi": "ERZURUM", "Ilce_Adi": null, "TİPİ": "İL" }, "bbox": [ 41.2691603, 39.8982098, 41.2691603, 39.8982098 ], "geometry": { "type": "Point", "coordinates": [ 41.2691603, 39.8982098 ] } },
{ "type": "Feature", "properties": { "Il_Adi": "ESKİŞEHİR", "Ilce_Adi": null, "TİPİ": "İL" }, "bbox": [ 30.4944426, 39.7685303, 30.4944426, 39.7685303 ], "geometry": { "type": "Point", "coordinates": [ 30.4944426, 39.7685303 ] } },
{ "type": "Feature", "properties": { "Il_Adi": "GAZİANTEP", "Ilce_Adi": null, "TİPİ": "İL" }, "bbox": [ 37.368191, 37.0670488, 37.368191, 37.0670488 ], "geometry": { "type": "Point", "coordinates": [ 37.368191, 37.0670488 ] } },
{ "type": "Feature", "properties": { "Il_Adi": "GİRESUN", "Ilce_Adi": null, "TİPİ": "İL" }, "bbox": [ 38.4073551, 40.891985, 38.4073551, 40.891985 ], "geometry": { "type": "Point", "coordinates": [ 38.4073551, 40.891985 ] } },
{ "type": "Feature", "properties": { "Il_Adi": "GÜMÜŞHANE", "Ilce_Adi": null, "TİPİ": "İL" }, "bbox": [ 39.4782612, 40.4584272, 39.4782612, 40.4584272 ], "geometry": { "type": "Point", "coordinates": [ 39.4782612, 40.4584272 ] } },
{ "type": "Feature", "properties": { "Il_Adi": "HAKKARİ", "Ilce_Adi": null, "TİPİ": "İL" }, "bbox": [ 43.7777672, 37.5746705, 43.7777672, 37.5746705 ], "geometry": { "type": "Point", "coordinates": [ 43.7777672, 37.5746705 ] } },
{ "type": "Feature", "properties": { "Il_Adi": "HATAY", "Ilce_Adi": null, "TİPİ": "İL" }, "bbox": [ 36.1588893, 36.198882, 36.1588893, 36.198882 ], "geometry": { "type": "Point", "coordinates": [ 36.1588893, 36.198882 ] } },
{ "type": "Feature", "properties": { "Il_Adi": "ISPARTA", "Ilce_Adi": null, "TİPİ": "İL" }, "bbox": [ 30.5527271, 37.7830971, 30.5527271, 37.7830971 ], "geometry": { "type": "Point", "coordinates": [ 30.5527271, 37.7830971 ] } },
{ "type": "Feature", "properties": { "Il_Adi": "MERSİN", "Ilce_Adi": null, "TİPİ": "İL" }, "bbox": [ 34.6544159, 36.8217585, 34.6544159, 36.8217585 ], "geometry": { "type": "Point", "coordinates": [ 34.6544159, 36.8217585 ] } },
{ "type": "Feature", "properties": { "Il_Adi": "KARS", "Ilce_Adi": null, "TİPİ": "İL" }, "bbox": [ 43.1153752, 40.6178167, 43.1153752, 40.6178167 ], "geometry": { "type": "Point", "coordinates": [ 43.1153752, 40.6178167 ] } },
{ "type": "Feature", "properties": { "Il_Adi": "KASTAMONU", "Ilce_Adi": null, "TİPİ": "İL" }, "bbox": [ 33.7403349, 41.3700054, 33.7403349, 41.3700054 ], "geometry": { "type": "Point", "coordinates": [ 33.7403349, 41.3700054 ] } },
{ "type": "Feature", "properties": { "Il_Adi": "KAYSERİ", "Ilce_Adi": null, "TİPİ": "İL" }, "bbox": [ 35.4886345, 38.7222923, 35.4886345, 38.7222923 ], "geometry": { "type": "Point", "coordinates": [ 35.4886345, 38.7222923 ] } },
{ "type": "Feature", "properties": { "Il_Adi": "KIRKLARELİ", "Ilce_Adi": null, "TİPİ": "İL" }, "bbox": [ 27.2188574, 41.7359241, 27.2188574, 41.7359241 ], "geometry": { "type": "Point", "coordinates": [ 27.2188574, 41.7359241 ] } },
{ "type": "Feature", "properties": { "Il_Adi": "KIRŞEHİR", "Ilce_Adi": null, "TİPİ": "İL" }, "bbox": [ 34.1597729, 39.1464272, 34.1597729, 39.1464272 ], "geometry": { "type": "Point", "coordinates": [ 34.1597729, 39.1464272 ] } },
{ "type": "Feature", "properties": { "Il_Adi": "KOCAELİ", "Ilce_Adi": null, "TİPİ": "İL" }, "bbox": [ 29.938132, 40.7810604, 29.938132, 40.7810604 ], "geometry": { "type": "Point", "coordinates": [ 29.938132, 40.7810604 ] } },
{ "type": "Feature", "properties": { "Il_Adi": "KONYA", "Ilce_Adi": null, "TİPİ": "İL" }, "bbox": [ 32.5044265, 37.8439633, 32.5044265, 37.8439633 ], "geometry": { "type": "Point", "coordinates": [ 32.5044265, 37.8439633 ] } },
{ "type": "Feature", "properties": { "Il_Adi": "KÜTAHYA", "Ilce_Adi": null, "TİPİ": "İL" }, "bbox": [ 29.9948585, 39.434722, 29.9948585, 39.434722 ], "geometry": { "type": "Point", "coordinates": [ 29.9948585, 39.434722 ] } },
{ "type": "Feature", "properties": { "Il_Adi": "MALATYA", "Ilce_Adi": null, "TİPİ": "İL" }, "bbox": [ 38.3287407, 38.3469852, 38.3287407, 38.3469852 ], "geometry": { "type": "Point", "coordinates": [ 38.3287407, 38.3469852 ] } },
{ "type": "Feature", "properties": { "Il_Adi": "MANİSA", "Ilce_Adi": null, "TİPİ": "İL" }, "bbox": [ 27.4336566, 38.6222699, 27.4336566, 38.6222699 ], "geometry": { "type": "Point", "coordinates": [ 27.4336566, 38.6222699 ] } },
{ "type": "Feature", "properties": { "Il_Adi": "KAHRAMANMARAŞ", "Ilce_Adi": null, "TİPİ": "İL" }, "bbox": [ 36.9277039, 37.5772601, 36.9277039, 37.5772601 ], "geometry": { "type": "Point", "coordinates": [ 36.9277039, 37.5772601 ] } },
{ "type": "Feature", "properties": { "Il_Adi": "MARDİN", "Ilce_Adi": null, "TİPİ": "İL" }, "bbox": [ 40.7377871, 37.312288, 40.7377871, 37.312288 ], "geometry": { "type": "Point", "coordinates": [ 40.7377871, 37.312288 ] } },
{ "type": "Feature", "properties": { "Il_Adi": "MUĞLA", "Ilce_Adi": null, "TİPİ": "İL" }, "bbox": [ 28.3516184, 37.2034587, 28.3516184, 37.2034587 ], "geometry": { "type": "Point", "coordinates": [ 28.3516184, 37.2034587 ] } },
{ "type": "Feature", "properties": { "Il_Adi": "MUŞ", "Ilce_Adi": null, "TİPİ": "İL" }, "bbox": [ 41.4974416, 38.7419739, 41.4974416, 38.7419739 ], "geometry": { "type": "Point", "coordinates": [ 41.4974416, 38.7419739 ] } },
{ "type": "Feature", "properties": { "Il_Adi": "NEVŞEHİR", "Ilce_Adi": null, "TİPİ": "İL" }, "bbox": [ 34.709577, 38.6203953, 34.709577, 38.6203953 ], "geometry": { "type": "Point", "coordinates": [ 34.709577, 38.6203953 ] } },
{ "type": "Feature", "properties": { "Il_Adi": "NİĞDE", "Ilce_Adi": null, "TİPİ": "İL" }, "bbox": [ 34.6766525, 37.9700424, 34.6766525, 37.9700424 ], "geometry": { "type": "Point", "coordinates": [ 34.6766525, 37.9700424 ] } },
{ "type": "Feature", "properties": { "Il_Adi": "ORDU", "Ilce_Adi": null, "TİPİ": "İL" }, "bbox": [ 37.8975074, 40.9536327, 37.8975074, 40.9536327 ], "geometry": { "type": "Point", "coordinates": [ 37.8975074, 40.9536327 ] } },
{ "type": "Feature", "properties": { "Il_Adi": "RİZE", "Ilce_Adi": null, "TİPİ": "İL" }, "bbox": [ 40.4876878, 41.0099462, 40.4876878, 41.0099462 ], "geometry": { "type": "Point", "coordinates": [ 40.4876878, 41.0099462 ] } },
{ "type": "Feature", "properties": { "Il_Adi": "SAKARYA", "Ilce_Adi": null, "TİPİ": "İL" }, "bbox": [ 30.3999857, 40.7805573, 30.3999857, 40.7805573 ], "geometry": { "type": "Point", "coordinates": [ 30.3999857, 40.7805573 ] } },
{ "type": "Feature", "properties": { "Il_Adi": "SAMSUN", "Ilce_Adi": null, "TİPİ": "İL" }, "bbox": [ 36.2938689, 41.2886989, 36.2938689, 41.2886989 ], "geometry": { "type": "Point", "coordinates": [ 36.2938689, 41.2886989 ] } },
{ "type": "Feature", "properties": { "Il_Adi": "SİİRT", "Ilce_Adi": null, "TİPİ": "İL" }, "bbox": [ 41.9352843, 37.928358, 41.9352843, 37.928358 ], "geometry": { "type": "Point", "coordinates": [ 41.9352843, 37.928358 ] } },
{ "type": "Feature", "properties": { "Il_Adi": "SİVAS", "Ilce_Adi": null, "TİPİ": "İL" }, "bbox": [ 37.0147658, 39.7384687, 37.0147658, 39.7384687 ], "geometry": { "type": "Point", "coordinates": [ 37.0147658, 39.7384687 ] } },
{ "type": "Feature", "properties": { "Il_Adi": "TEKİRDAĞ", "Ilce_Adi": null, "TİPİ": "İL" }, "bbox": [ 27.4668243, 40.9678649, 27.4668243, 40.9678649 ], "geometry": { "type": "Point", "coordinates": [ 27.4668243, 40.9678649 ] } },
{ "type": "Feature", "properties": { "Il_Adi": "TOKAT", "Ilce_Adi": null, "TİPİ": "İL" }, "bbox": [ 36.5524737, 40.314145, 36.5524737, 40.314145 ], "geometry": { "type": "Point", "coordinates": [ 36.5524737, 40.314145 ] } },
{ "type": "Feature", "properties": { "Il_Adi": "TRABZON", "Ilce_Adi": null, "TİPİ": "İL" }, "bbox": [ 39.6865333, 40.9855403, 39.6865333, 40.9855403 ], "geometry": { "type": "Point", "coordinates": [ 39.6865333, 40.9855403 ] } },
{ "type": "Feature", "properties": { "Il_Adi": "TUNCELİ", "Ilce_Adi": null, "TİPİ": "İL" }, "bbox": [ 39.5435106, 39.0992118, 39.5435106, 39.0992118 ], "geometry": { "type": "Point", "coordinates": [ 39.5435106, 39.0992118 ] } },
{ "type": "Feature", "properties": { "Il_Adi": "ŞANLIURFA", "Ilce_Adi": null, "TİPİ": "İL" }, "bbox": [ 38.7860379, 37.1535946, 38.7860379, 37.1535946 ], "geometry": { "type": "Point", "coordinates": [ 38.7860379, 37.1535946 ] } },
{ "type": "Feature", "properties": { "Il_Adi": "UŞAK", "Ilce_Adi": null, "TİPİ": "İL" }, "bbox": [ 29.402251, 38.6702929, 29.402251, 38.6702929 ], "geometry": { "type": "Point", "coordinates": [ 29.402251, 38.6702929 ] } },
{ "type": "Feature", "properties": { "Il_Adi": "VAN", "Ilce_Adi": null, "TİPİ": "İL" }, "bbox": [ 43.3832309, 38.4945647, 43.3832309, 38.4945647 ], "geometry": { "type": "Point", "coordinates": [ 43.3832309, 38.4945647 ] } },
{ "type": "Feature", "properties": { "Il_Adi": "YOZGAT", "Ilce_Adi": null, "TİPİ": "İL" }, "bbox": [ 34.7855191, 39.8141132, 34.7855191, 39.8141132 ], "geometry": { "type": "Point", "coordinates": [ 34.7855191, 39.8141132 ] } },
{ "type": "Feature", "properties": { "Il_Adi": "ZONGULDAK", "Ilce_Adi": null, "TİPİ": "İL" }, "bbox": [ 31.8123214, 41.4407508, 31.8123214, 41.4407508 ], "geometry": { "type": "Point", "coordinates": [ 31.8123214, 41.4407508 ] } },
{ "type": "Feature", "properties": { "Il_Adi": "AKSARAY", "Ilce_Adi": null, "TİPİ": "İL" }, "bbox": [ 34.0140899, 38.3728479, 34.0140899, 38.3728479 ], "geometry": { "type": "Point", "coordinates": [ 34.0140899, 38.3728479 ] } },
{ "type": "Feature", "properties": { "Il_Adi": "BAYBURT", "Ilce_Adi": null, "TİPİ": "İL" }, "bbox": [ 40.2228875, 40.2563125, 40.2228875, 40.2563125 ], "geometry": { "type": "Point", "coordinates": [ 40.2228875, 40.2563125 ] } },
{ "type": "Feature", "properties": { "Il_Adi": "KARAMAN", "Ilce_Adi": null, "TİPİ": "İL" }, "bbox": [ 33.2159851, 37.1827502, 33.2159851, 37.1827502 ], "geometry": { "type": "Point", "coordinates": [ 33.2159851, 37.1827502 ] } },
{ "type": "Feature", "properties": { "Il_Adi": "KIRIKKALE", "Ilce_Adi": null, "TİPİ": "İL" }, "bbox": [ 33.4958296, 39.8635332, 33.4958296, 39.8635332 ], "geometry": { "type": "Point", "coordinates": [ 33.4958296, 39.8635332 ] } },
{ "type": "Feature", "properties": { "Il_Adi": "BATMAN", "Ilce_Adi": null, "TİPİ": "İL" }, "bbox": [ 41.130624, 37.8878633, 41.130624, 37.8878633 ], "geometry": { "type": "Point", "coordinates": [ 41.130624, 37.8878633 ] } },
{ "type": "Feature", "properties": { "Il_Adi": "ŞIRNAK", "Ilce_Adi": null, "TİPİ": "İL" }, "bbox": [ 42.4567561, 37.5222585, 42.4567561, 37.5222585 ], "geometry": { "type": "Point", "coordinates": [ 42.4567561, 37.5222585 ] } },
{ "type": "Feature", "properties": { "Il_Adi": "BARTIN", "Ilce_Adi": null, "TİPİ": "İL" }, "bbox": [ 32.3277281, 41.6300334, 32.3277281, 41.6300334 ], "geometry": { "type": "Point", "coordinates": [ 32.3277281, 41.6300334 ] } },
{ "type": "Feature", "properties": { "Il_Adi": "ARDAHAN", "Ilce_Adi": null, "TİPİ": "İL" }, "bbox": [ 42.7013905, 41.1136565, 42.7013905, 41.1136565 ], "geometry": { "type": "Point", "coordinates": [ 42.7013905, 41.1136565 ] } },
{ "type": "Feature", "properties": { "Il_Adi": "IĞDIR", "Ilce_Adi": null, "TİPİ": "İL" }, "bbox": [ 44.0622643, 39.9158718, 44.0622643, 39.9158718 ], "geometry": { "type": "Point", "coordinates": [ 44.0622643, 39.9158718 ] } },
{ "type": "Feature", "properties": { "Il_Adi": "YALOVA", "Ilce_Adi": null, "TİPİ": "İL" }, "bbox": [ 29.25493, 40.6369944, 29.25493, 40.6369944 ], "geometry": { "type": "Point", "coordinates": [ 29.25493, 40.6369944 ] } },
{ "type": "Feature", "properties": { "Il_Adi": "KARABÜK", "Ilce_Adi": null, "TİPİ": "İL" }, "bbox": [ 32.6065034, 41.189968, 32.6065034, 41.189968 ], "geometry": { "type": "Point", "coordinates": [ 32.6065034, 41.189968 ] } },
{ "type": "Feature", "properties": { "Il_Adi": "KİLİS", "Ilce_Adi": null, "TİPİ": "İL" }, "bbox": [ 37.1133348, 36.7155765, 37.1133348, 36.7155765 ], "geometry": { "type": "Point", "coordinates": [ 37.1133348, 36.7155765 ] } },
{ "type": "Feature", "properties": { "Il_Adi": "OSMANİYE", "Ilce_Adi": null, "TİPİ": "İL" }, "bbox": [ 36.2656431, 37.0523809, 36.2656431, 37.0523809 ], "geometry": { "type": "Point", "coordinates": [ 36.2656431, 37.0523809 ] } },
{ "type": "Feature", "properties": { "Il_Adi": "DÜZCE", "Ilce_Adi": null, "TİPİ": "İL" }, "bbox": [ 31.1401056, 40.8080509, 31.1401056, 40.8080509 ], "geometry": { "type": "Point", "coordinates": [ 31.1401056, 40.8080509 ] } },
{ "type": "Feature", "properties": { "Il_Adi": "ADANA", "Ilce_Adi": "SEYHAN", "TİPİ": "İLÇE" }, "bbox": [ 35.2732005, 36.9925719, 35.2732005, 36.9925719 ], "geometry": { "type": "Point", "coordinates": [ 35.2732005, 36.9925719 ] } },
{ "type": "Feature", "properties": { "Il_Adi": "ADANA", "Ilce_Adi": "YÜREĞİR", "TİPİ": "İLÇE" }, "bbox": [ 35.3471176, 36.9568731, 35.3471176, 36.9568731 ], "geometry": { "type": "Point", "coordinates": [ 35.3471176, 36.9568731 ] } },
{ "type": "Feature", "properties": { "Il_Adi": "ADANA", "Ilce_Adi": "ALADAĞ", "TİPİ": "İLÇE" }, "bbox": [ 35.3929501, 37.5499597, 35.3929501, 37.5499597 ], "geometry": { "type": "Point", "coordinates": [ 35.3929501, 37.5499597 ] } },
{ "type": "Feature", "properties": { "Il_Adi": "ADANA", "Ilce_Adi": "CEYHAN", "TİPİ": "İLÇE" }, "bbox": [ 35.8225907, 36.9916111, 35.8225907, 36.9916111 ], "geometry": { "type": "Point", "coordinates": [ 35.8225907, 36.9916111 ] } },
{ "type": "Feature", "properties": { "Il_Adi": "ADANA", "Ilce_Adi": "FEKE", "TİPİ": "İLÇE" }, "bbox": [ 35.9069683, 37.809332, 35.9069683, 37.809332 ], "geometry": { "type": "Point", "coordinates": [ 35.9069683, 37.809332 ] } },
{ "type": "Feature", "properties": { "Il_Adi": "ADANA", "Ilce_Adi": "İMAMOĞLU", "TİPİ": "İLÇE" }, "bbox": [ 35.6698305, 37.2525438, 35.6698305, 37.2525438 ], "geometry": { "type": "Point", "coordinates": [ 35.6698305, 37.2525438 ] } },
{ "type": "Feature", "properties": { "Il_Adi": "ADANA", "Ilce_Adi": "KARAİSALI", "TİPİ": "İLÇE" }, "bbox": [ 35.0609824, 37.2492921, 35.0609824, 37.2492921 ], "geometry": { "type": "Point", "coordinates": [ 35.0609824, 37.2492921 ] } },
{ "type": "Feature", "properties": { "Il_Adi": "ADANA", "Ilce_Adi": "KARATAŞ", "TİPİ": "İLÇE" }, "bbox": [ 35.3773682, 36.581292, 35.3773682, 36.581292 ], "geometry": { "type": "Point", "coordinates": [ 35.3773682, 36.581292 ] } },
{ "type": "Feature", "properties": { "Il_Adi": "ADANA", "Ilce_Adi": "KOZAN", "TİPİ": "İLÇE" }, "bbox": [ 35.8083906, 37.457185, 35.8083906, 37.457185 ], "geometry": { "type": "Point", "coordinates": [ 35.8083906, 37.457185 ] } },
{ "type": "Feature", "properties": { "Il_Adi": "ADANA", "Ilce_Adi": "POZANTI", "TİPİ": "İLÇE" }, "bbox": [ 34.8722853, 37.4223075, 34.8722853, 37.4223075 ], "geometry": { "type": "Point", "coordinates": [ 34.8722853, 37.4223075 ] } },
{ "type": "Feature", "properties": { "Il_Adi": "ADANA", "Ilce_Adi": "SAİMBEYLİ", "TİPİ": "İLÇE" }, "bbox": [ 36.0944149, 37.9855311, 36.0944149, 37.9855311 ], "geometry": { "type": "Point", "coordinates": [ 36.0944149, 37.9855311 ] } },
{ "type": "Feature", "properties": { "Il_Adi": "ADANA", "Ilce_Adi": "TUFANBEYLİ", "TİPİ": "İLÇE" }, "bbox": [ 36.2206937, 38.2552875, 36.2206937, 38.2552875 ], "geometry": { "type": "Point", "coordinates": [ 36.2206937, 38.2552875 ] } },
{ "type": "Feature", "properties": { "Il_Adi": "ADANA", "Ilce_Adi": "YUMURTALIK", "TİPİ": "İLÇE" }, "bbox": [ 35.781528, 36.7855217, 35.781528, 36.7855217 ], "geometry": { "type": "Point", "coordinates": [ 35.781528, 36.7855217 ] } },
{ "type": "Feature", "properties": { "Il_Adi": "ADANA", "Ilce_Adi": "SARIÇAM", "TİPİ": "İLÇE" }, "bbox": [ 35.4388226, 37.0502867, 35.4388226, 37.0502867 ], "geometry": { "type": "Point", "coordinates": [ 35.4388226, 37.0502867 ] } },
{ "type": "Feature", "properties": { "Il_Adi": "ADANA", "Ilce_Adi": "ÇUKUROVA", "TİPİ": "İLÇE" }, "bbox": [ 35.227603, 37.0619775, 35.227603, 37.0619775 ], "geometry": { "type": "Point", "coordinates": [ 35.227603, 37.0619775 ] } },
{ "type": "Feature", "properties": { "Il_Adi": "ADIYAMAN", "Ilce_Adi": "BESNİ", "TİPİ": "İLÇE" }, "bbox": [ 37.8623158, 37.6946873, 37.8623158, 37.6946873 ], "geometry": { "type": "Point", "coordinates": [ 37.8623158, 37.6946873 ] } },
{ "type": "Feature", "properties": { "Il_Adi": "ADIYAMAN", "Ilce_Adi": "ÇELİKHAN", "TİPİ": "İLÇE" }, "bbox": [ 38.2365422, 38.0329866, 38.2365422, 38.0329866 ], "geometry": { "type": "Point", "coordinates": [ 38.2365422, 38.0329866 ] } },
{ "type": "Feature", "properties": { "Il_Adi": "ADIYAMAN", "Ilce_Adi": "GERGER", "TİPİ": "İLÇE" }, "bbox": [ 39.0341811, 38.0280715, 39.0341811, 38.0280715 ], "geometry": { "type": "Point", "coordinates": [ 39.0341811, 38.0280715 ] } },
{ "type": "Feature", "properties": { "Il_Adi": "ADIYAMAN", "Ilce_Adi": "GÖLBAŞI", "TİPİ": "İLÇE" }, "bbox": [ 37.6374278, 37.7768518, 37.6374278, 37.7768518 ], "geometry": { "type": "Point", "coordinates": [ 37.6374278, 37.7768518 ] } },
{ "type": "Feature", "properties": { "Il_Adi": "ADIYAMAN", "Ilce_Adi": "KÂHTA", "TİPİ": "İLÇE" }, "bbox": [ 38.6139386, 37.7750854, 38.6139386, 37.7750854 ], "geometry": { "type": "Point", "coordinates": [ 38.6139386, 37.7750854 ] } },
{ "type": "Feature", "properties": { "Il_Adi": "ADIYAMAN", "Ilce_Adi": "SAMSAT", "TİPİ": "İLÇE" }, "bbox": [ 38.4756241, 37.5804865, 38.4756241, 37.5804865 ], "geometry": { "type": "Point", "coordinates": [ 38.4756241, 37.5804865 ] } },
{ "type": "Feature", "properties": { "Il_Adi": "ADIYAMAN", "Ilce_Adi": "SİNCİK", "TİPİ": "İLÇE" }, "bbox": [ 38.6125707, 38.0364507, 38.6125707, 38.0364507 ], "geometry": { "type": "Point", "coordinates": [ 38.6125707, 38.0364507 ] } },
{ "type": "Feature", "properties": { "Il_Adi": "ADIYAMAN", "Ilce_Adi": "TUT", "TİPİ": "İLÇE" }, "bbox": [ 37.9124104, 37.7981795, 37.9124104, 37.7981795 ], "geometry": { "type": "Point", "coordinates": [ 37.9124104, 37.7981795 ] } },
{ "type": "Feature", "properties": { "Il_Adi": "AFYONKARAHİSAR", "Ilce_Adi": "BAŞMAKÇI", "TİPİ": "İLÇE" }, "bbox": [ 30.0091366, 37.8987534, 30.0091366, 37.8987534 ], "geometry": { "type": "Point", "coordinates": [ 30.0091366, 37.8987534 ] } },
{ "type": "Feature", "properties": { "Il_Adi": "AFYONKARAHİSAR", "Ilce_Adi": "BAYAT", "TİPİ": "İLÇE" }, "bbox": [ 30.9219712, 38.9828491, 30.9219712, 38.9828491 ], "geometry": { "type": "Point", "coordinates": [ 30.9219712, 38.9828491 ] } },
{ "type": "Feature", "properties": { "Il_Adi": "AFYONKARAHİSAR", "Ilce_Adi": "BOLVADİN", "TİPİ": "İLÇE" }, "bbox": [ 31.0392879, 38.704559, 31.0392879, 38.704559 ], "geometry": { "type": "Point", "coordinates": [ 31.0392879, 38.704559 ] } },
{ "type": "Feature", "properties": { "Il_Adi": "AFYONKARAHİSAR", "Ilce_Adi": "ÇAY", "TİPİ": "İLÇE" }, "bbox": [ 31.0248399, 38.5954283, 31.0248399, 38.5954283 ], "geometry": { "type": "Point", "coordinates": [ 31.0248399, 38.5954283 ] } },
{ "type": "Feature", "properties": { "Il_Adi": "AFYONKARAHİSAR", "Ilce_Adi": "ÇOBANLAR", "TİPİ": "İLÇE" }, "bbox": [ 30.7825715, 38.7008705, 30.7825715, 38.7008705 ], "geometry": { "type": "Point", "coordinates": [ 30.7825715, 38.7008705 ] } },
{ "type": "Feature", "properties": { "Il_Adi": "AFYONKARAHİSAR", "Ilce_Adi": "DAZKIRI", "TİPİ": "İLÇE" }, "bbox": [ 29.8611979, 37.9211713, 29.8611979, 37.9211713 ], "geometry": { "type": "Point", "coordinates": [ 29.8611979, 37.9211713 ] } },
{ "type": "Feature", "properties": { "Il_Adi": "AFYONKARAHİSAR", "Ilce_Adi": "DİNAR", "TİPİ": "İLÇE" }, "bbox": [ 30.1652393, 38.0685586, 30.1652393, 38.0685586 ], "geometry": { "type": "Point", "coordinates": [ 30.1652393, 38.0685586 ] } },
{ "type": "Feature", "properties": { "Il_Adi": "AFYONKARAHİSAR", "Ilce_Adi": "EMİRDAĞ", "TİPİ": "İLÇE" }, "bbox": [ 31.1506923, 39.0190383, 31.1506923, 39.0190383 ], "geometry": { "type": "Point", "coordinates": [ 31.1506923, 39.0190383 ] } },
{ "type": "Feature", "properties": { "Il_Adi": "AFYONKARAHİSAR", "Ilce_Adi": "EVCİLER", "TİPİ": "İLÇE" }, "bbox": [ 29.8826918, 38.0377779, 29.8826918, 38.0377779 ], "geometry": { "type": "Point", "coordinates": [ 29.8826918, 38.0377779 ] } },
{ "type": "Feature", "properties": { "Il_Adi": "AFYONKARAHİSAR", "Ilce_Adi": "HOCALAR", "TİPİ": "İLÇE" }, "bbox": [ 29.9614892, 38.5763801, 29.9614892, 38.5763801 ], "geometry": { "type": "Point", "coordinates": [ 29.9614892, 38.5763801 ] } },
{ "type": "Feature", "properties": { "Il_Adi": "AFYONKARAHİSAR", "Ilce_Adi": "İHSANİYE", "TİPİ": "İLÇE" }, "bbox": [ 30.4170768, 39.0312224, 30.4170768, 39.0312224 ], "geometry": { "type": "Point", "coordinates": [ 30.4170768, 39.0312224 ] } },
{ "type": "Feature", "properties": { "Il_Adi": "AFYONKARAHİSAR", "Ilce_Adi": "İSCEHİSAR", "TİPİ": "İLÇE" }, "bbox": [ 30.749184, 38.8546803, 30.749184, 38.8546803 ], "geometry": { "type": "Point", "coordinates": [ 30.749184, 38.8546803 ] } },
{ "type": "Feature", "properties": { "Il_Adi": "AFYONKARAHİSAR", "Ilce_Adi": "KIZILÖREN", "TİPİ": "İLÇE" }, "bbox": [ 30.1516335, 38.2561221, 30.1516335, 38.2561221 ], "geometry": { "type": "Point", "coordinates": [ 30.1516335, 38.2561221 ] } },
{ "type": "Feature", "properties": { "Il_Adi": "AFYONKARAHİSAR", "Ilce_Adi": "SANDIKLI", "TİPİ": "İLÇE" }, "bbox": [ 30.2718597, 38.4639214, 30.2718597, 38.4639214 ], "geometry": { "type": "Point", "coordinates": [ 30.2718597, 38.4639214 ] } },
{ "type": "Feature", "properties": { "Il_Adi": "AFYONKARAHİSAR", "Ilce_Adi": "SİNANPAŞA", "TİPİ": "İLÇE" }, "bbox": [ 30.2450365, 38.7472084, 30.2450365, 38.7472084 ], "geometry": { "type": "Point", "coordinates": [ 30.2450365, 38.7472084 ] } },
{ "type": "Feature", "properties": { "Il_Adi": "AFYONKARAHİSAR", "Ilce_Adi": "SULTANDAĞI", "TİPİ": "İLÇE" }, "bbox": [ 31.2218828, 38.5282692, 31.2218828, 38.5282692 ], "geometry": { "type": "Point", "coordinates": [ 31.2218828, 38.5282692 ] } },
{ "type": "Feature", "properties": { "Il_Adi": "AFYONKARAHİSAR", "Ilce_Adi": "ŞUHUT", "TİPİ": "İLÇE" }, "bbox": [ 30.5445464, 38.5330299, 30.5445464, 38.5330299 ], "geometry": { "type": "Point", "coordinates": [ 30.5445464, 38.5330299 ] } },
{ "type": "Feature", "properties": { "Il_Adi": "AĞRI", "Ilce_Adi": "DİYADİN", "TİPİ": "İLÇE" }, "bbox": [ 43.6801559, 39.5418515, 43.6801559, 39.5418515 ], "geometry": { "type": "Point", "coordinates": [ 43.6801559, 39.5418515 ] } },
{ "type": "Feature", "properties": { "Il_Adi": "AĞRI", "Ilce_Adi": "DOĞUBAYAZIT", "TİPİ": "İLÇE" }, "bbox": [ 44.0764555, 39.5512859, 44.0764555, 39.5512859 ], "geometry": { "type": "Point", "coordinates": [ 44.0764555, 39.5512859 ] } },
{ "type": "Feature", "properties": { "Il_Adi": "AĞRI", "Ilce_Adi": "ELEŞKİRT", "TİPİ": "İLÇE" }, "bbox": [ 42.6757446, 39.7980252, 42.6757446, 39.7980252 ], "geometry": { "type": "Point", "coordinates": [ 42.6757446, 39.7980252 ] } },
{ "type": "Feature", "properties": { "Il_Adi": "AĞRI", "Ilce_Adi": "HAMUR", "TİPİ": "İLÇE" }, "bbox": [ 42.9877322, 39.6085859, 42.9877322, 39.6085859 ], "geometry": { "type": "Point", "coordinates": [ 42.9877322, 39.6085859 ] } },
{ "type": "Feature", "properties": { "Il_Adi": "AĞRI", "Ilce_Adi": "PATNOS", "TİPİ": "İLÇE" }, "bbox": [ 42.8611958, 39.2339628, 42.8611958, 39.2339628 ], "geometry": { "type": "Point", "coordinates": [ 42.8611958, 39.2339628 ] } },
{ "type": "Feature", "properties": { "Il_Adi": "AĞRI", "Ilce_Adi": "TAŞLIÇAY", "TİPİ": "İLÇE" }, "bbox": [ 43.3757162, 39.6434359, 43.3757162, 39.6434359 ], "geometry": { "type": "Point", "coordinates": [ 43.3757162, 39.6434359 ] } },
{ "type": "Feature", "properties": { "Il_Adi": "AĞRI", "Ilce_Adi": "TUTAK", "TİPİ": "İLÇE" }, "bbox": [ 42.7658717, 39.5385417, 42.7658717, 39.5385417 ], "geometry": { "type": "Point", "coordinates": [ 42.7658717, 39.5385417 ] } },
{ "type": "Feature", "properties": { "Il_Adi": "AMASYA", "Ilce_Adi": "GÖYNÜCEK", "TİPİ": "İLÇE" }, "bbox": [ 35.5259259, 40.3940191, 35.5259259, 40.3940191 ], "geometry": { "type": "Point", "coordinates": [ 35.5259259, 40.3940191 ] } },
{ "type": "Feature", "properties": { "Il_Adi": "AMASYA", "Ilce_Adi": "GÜMÜŞHACIKÖY", "TİPİ": "İLÇE" }, "bbox": [ 35.2174914, 40.8760997, 35.2174914, 40.8760997 ], "geometry": { "type": "Point", "coordinates": [ 35.2174914, 40.8760997 ] } },
{ "type": "Feature", "properties": { "Il_Adi": "AMASYA", "Ilce_Adi": "HAMAMÖZÜ", "TİPİ": "İLÇE" }, "bbox": [ 35.0144294, 40.7767023, 35.0144294, 40.7767023 ], "geometry": { "type": "Point", "coordinates": [ 35.0144294, 40.7767023 ] } },
{ "type": "Feature", "properties": { "Il_Adi": "AMASYA", "Ilce_Adi": "MERZİFON", "TİPİ": "İLÇE" }, "bbox": [ 35.4587872, 40.8617374, 35.4587872, 40.8617374 ], "geometry": { "type": "Point", "coordinates": [ 35.4587872, 40.8617374 ] } },
{ "type": "Feature", "properties": { "Il_Adi": "AMASYA", "Ilce_Adi": "SULUOVA", "TİPİ": "İLÇE" }, "bbox": [ 35.6360677, 40.8216805, 35.6360677, 40.8216805 ], "geometry": { "type": "Point", "coordinates": [ 35.6360677, 40.8216805 ] } },
{ "type": "Feature", "properties": { "Il_Adi": "AMASYA", "Ilce_Adi": "TAŞOVA", "TİPİ": "İLÇE" }, "bbox": [ 36.3219581, 40.7613879, 36.3219581, 40.7613879 ], "geometry": { "type": "Point", "coordinates": [ 36.3219581, 40.7613879 ] } },
{ "type": "Feature", "properties": { "Il_Adi": "ANKARA", "Ilce_Adi": "ALTINDAĞ", "TİPİ": "İLÇE" }, "bbox": [ 32.8588201, 39.9385659, 32.8588201, 39.9385659 ], "geometry": { "type": "Point", "coordinates": [ 32.8588201, 39.9385659 ] } },
{ "type": "Feature", "properties": { "Il_Adi": "ANKARA", "Ilce_Adi": "ÇANKAYA", "TİPİ": "İLÇE" }, "bbox": [ 32.8386377, 39.8909844, 32.8386377, 39.8909844 ], "geometry": { "type": "Point", "coordinates": [ 32.8386377, 39.8909844 ] } },
{ "type": "Feature", "properties": { "Il_Adi": "ANKARA", "Ilce_Adi": "ETİMESGUT", "TİPİ": "İLÇE" }, "bbox": [ 32.6314807, 39.9159079, 32.6314807, 39.9159079 ], "geometry": { "type": "Point", "coordinates": [ 32.6314807, 39.9159079 ] } },
{ "type": "Feature", "properties": { "Il_Adi": "ANKARA", "Ilce_Adi": "GÖLBAŞI", "TİPİ": "İLÇE" }, "bbox": [ 32.8180168, 39.7647978, 32.8180168, 39.7647978 ], "geometry": { "type": "Point", "coordinates": [ 32.8180168, 39.7647978 ] } },
{ "type": "Feature", "properties": { "Il_Adi": "ANKARA", "Ilce_Adi": "KEÇİÖREN", "TİPİ": "İLÇE" }, "bbox": [ 32.8259091, 40.0027083, 32.8259091, 40.0027083 ], "geometry": { "type": "Point", "coordinates": [ 32.8259091, 40.0027083 ] } },
{ "type": "Feature", "properties": { "Il_Adi": "ANKARA", "Ilce_Adi": "MAMAK", "TİPİ": "İLÇE" }, "bbox": [ 32.9063673, 39.9383986, 32.9063673, 39.9383986 ], "geometry": { "type": "Point", "coordinates": [ 32.9063673, 39.9383986 ] } },
{ "type": "Feature", "properties": { "Il_Adi": "ANKARA", "Ilce_Adi": "SİNCAN", "TİPİ": "İLÇE" }, "bbox": [ 32.5756782, 39.9406404, 32.5756782, 39.9406404 ], "geometry": { "type": "Point", "coordinates": [ 32.5756782, 39.9406404 ] } },
{ "type": "Feature", "properties": { "Il_Adi": "ANKARA", "Ilce_Adi": "YENİMAHALLE", "TİPİ": "İLÇE" }, "bbox": [ 32.7693814, 39.9809008, 32.7693814, 39.9809008 ], "geometry": { "type": "Point", "coordinates": [ 32.7693814, 39.9809008 ] } },
{ "type": "Feature", "properties": { "Il_Adi": "ANKARA", "Ilce_Adi": "AKYURT", "TİPİ": "İLÇE" }, "bbox": [ 33.085922, 40.1332466, 33.085922, 40.1332466 ], "geometry": { "type": "Point", "coordinates": [ 33.085922, 40.1332466 ] } },
{ "type": "Feature", "properties": { "Il_Adi": "ANKARA", "Ilce_Adi": "AYAŞ", "TİPİ": "İLÇE" }, "bbox": [ 32.33233, 40.0168038, 32.33233, 40.0168038 ], "geometry": { "type": "Point", "coordinates": [ 32.33233, 40.0168038 ] } },
{ "type": "Feature", "properties": { "Il_Adi": "ANKARA", "Ilce_Adi": "BALA", "TİPİ": "İLÇE" }, "bbox": [ 33.1247935, 39.5540104, 33.1247935, 39.5540104 ], "geometry": { "type": "Point", "coordinates": [ 33.1247935, 39.5540104 ] } },
{ "type": "Feature", "properties": { "Il_Adi": "ANKARA", "Ilce_Adi": "BEYPAZARI", "TİPİ": "İLÇE" }, "bbox": [ 31.9181252, 40.1639525, 31.9181252, 40.1639525 ], "geometry": { "type": "Point", "coordinates": [ 31.9181252, 40.1639525 ] } },
{ "type": "Feature", "properties": { "Il_Adi": "ANKARA", "Ilce_Adi": "ÇAMLIDERE", "TİPİ": "İLÇE" }, "bbox": [ 32.4763261, 40.4917033, 32.4763261, 40.4917033 ], "geometry": { "type": "Point", "coordinates": [ 32.4763261, 40.4917033 ] } },
{ "type": "Feature", "properties": { "Il_Adi": "ANKARA", "Ilce_Adi": "ÇUBUK", "TİPİ": "İLÇE" }, "bbox": [ 33.0282152, 40.2395873, 33.0282152, 40.2395873 ], "geometry": { "type": "Point", "coordinates": [ 33.0282152, 40.2395873 ] } },
{ "type": "Feature", "properties": { "Il_Adi": "ANKARA", "Ilce_Adi": "ELMADAĞ", "TİPİ": "İLÇE" }, "bbox": [ 33.2352036, 39.9212205, 33.2352036, 39.9212205 ], "geometry": { "type": "Point", "coordinates": [ 33.2352036, 39.9212205 ] } },
{ "type": "Feature", "properties": { "Il_Adi": "ANKARA", "Ilce_Adi": "EVREN", "TİPİ": "İLÇE" }, "bbox": [ 33.8069241, 39.0228, 33.8069241, 39.0228 ], "geometry": { "type": "Point", "coordinates": [ 33.8069241, 39.0228 ] } },
{ "type": "Feature", "properties": { "Il_Adi": "ANKARA", "Ilce_Adi": "GÜDÜL", "TİPİ": "İLÇE" }, "bbox": [ 32.2428853, 40.2106777, 32.2428853, 40.2106777 ], "geometry": { "type": "Point", "coordinates": [ 32.2428853, 40.2106777 ] } },
{ "type": "Feature", "properties": { "Il_Adi": "ANKARA", "Ilce_Adi": "HAYMANA", "TİPİ": "İLÇE" }, "bbox": [ 32.4897388, 39.4382056, 32.4897388, 39.4382056 ], "geometry": { "type": "Point", "coordinates": [ 32.4897388, 39.4382056 ] } },
{ "type": "Feature", "properties": { "Il_Adi": "ANKARA", "Ilce_Adi": "KALECİK", "TİPİ": "İLÇE" }, "bbox": [ 33.419438, 40.1019129, 33.419438, 40.1019129 ], "geometry": { "type": "Point", "coordinates": [ 33.419438, 40.1019129 ] } },
{ "type": "Feature", "properties": { "Il_Adi": "ANKARA", "Ilce_Adi": "KAZAN", "TİPİ": "İLÇE" }, "bbox": [ 32.6909538, 40.2043637, 32.6909538, 40.2043637 ], "geometry": { "type": "Point", "coordinates": [ 32.6909538, 40.2043637 ] } },
{ "type": "Feature", "properties": { "Il_Adi": "ANKARA", "Ilce_Adi": "KIZILCAHAMAM", "TİPİ": "İLÇE" }, "bbox": [ 32.6554943, 40.4696227, 32.6554943, 40.4696227 ], "geometry": { "type": "Point", "coordinates": [ 32.6554943, 40.4696227 ] } },
{ "type": "Feature", "properties": { "Il_Adi": "ANKARA", "Ilce_Adi": "NALLIHAN", "TİPİ": "İLÇE" }, "bbox": [ 31.350741, 40.1863978, 31.350741, 40.1863978 ], "geometry": { "type": "Point", "coordinates": [ 31.350741, 40.1863978 ] } },
{ "type": "Feature", "properties": { "Il_Adi": "ANKARA", "Ilce_Adi": "POLATLI", "TİPİ": "İLÇE" }, "bbox": [ 32.1268037, 39.5747587, 32.1268037, 39.5747587 ], "geometry": { "type": "Point", "coordinates": [ 32.1268037, 39.5747587 ] } },
{ "type": "Feature", "properties": { "Il_Adi": "ANKARA", "Ilce_Adi": "ŞEREFLİKOÇHİSAR", "TİPİ": "İLÇE" }, "bbox": [ 33.5425587, 38.9396233, 33.5425587, 38.9396233 ], "geometry": { "type": "Point", "coordinates": [ 33.5425587, 38.9396233 ] } },
{ "type": "Feature", "properties": { "Il_Adi": "ANKARA", "Ilce_Adi": "PURSAKLAR", "TİPİ": "İLÇE" }, "bbox": [ 32.8998489, 40.0354195, 32.8998489, 40.0354195 ], "geometry": { "type": "Point", "coordinates": [ 32.8998489, 40.0354195 ] } },
{ "type": "Feature", "properties": { "Il_Adi": "ANTALYA", "Ilce_Adi": "KEPEZ", "TİPİ": "İLÇE" }, "bbox": [ 30.7246658, 36.9252846, 30.7246658, 36.9252846 ], "geometry": { "type": "Point", "coordinates": [ 30.7246658, 36.9252846 ] } },
{ "type": "Feature", "properties": { "Il_Adi": "ANTALYA", "Ilce_Adi": "KONYAALTI", "TİPİ": "İLÇE" }, "bbox": [ 30.6340195, 36.8919486, 30.6340195, 36.8919486 ], "geometry": { "type": "Point", "coordinates": [ 30.6340195, 36.8919486 ] } },
{ "type": "Feature", "properties": { "Il_Adi": "ANTALYA", "Ilce_Adi": "MURATPAŞA", "TİPİ": "İLÇE" }, "bbox": [ 30.709309, 36.8966529, 30.709309, 36.8966529 ], "geometry": { "type": "Point", "coordinates": [ 30.709309, 36.8966529 ] } },
{ "type": "Feature", "properties": { "Il_Adi": "ANTALYA", "Ilce_Adi": "AKSEKİ", "TİPİ": "İLÇE" }, "bbox": [ 31.7896638, 37.0463367, 31.7896638, 37.0463367 ], "geometry": { "type": "Point", "coordinates": [ 31.7896638, 37.0463367 ] } },
{ "type": "Feature", "properties": { "Il_Adi": "ANTALYA", "Ilce_Adi": "ALANYA", "TİPİ": "İLÇE" }, "bbox": [ 31.9969902, 36.5571315, 31.9969902, 36.5571315 ], "geometry": { "type": "Point", "coordinates": [ 31.9969902, 36.5571315 ] } },
{ "type": "Feature", "properties": { "Il_Adi": "ANTALYA", "Ilce_Adi": "ELMALI", "TİPİ": "İLÇE" }, "bbox": [ 29.9246165, 36.7277232, 29.9246165, 36.7277232 ], "geometry": { "type": "Point", "coordinates": [ 29.9246165, 36.7277232 ] } },
{ "type": "Feature", "properties": { "Il_Adi": "ANTALYA", "Ilce_Adi": "FİNİKE", "TİPİ": "İLÇE" }, "bbox": [ 30.1328403, 36.2994031, 30.1328403, 36.2994031 ], "geometry": { "type": "Point", "coordinates": [ 30.1328403, 36.2994031 ] } },
{ "type": "Feature", "properties": { "Il_Adi": "ANTALYA", "Ilce_Adi": "GAZİPAŞA", "TİPİ": "İLÇE" }, "bbox": [ 32.3161184, 36.2677933, 32.3161184, 36.2677933 ], "geometry": { "type": "Point", "coordinates": [ 32.3161184, 36.2677933 ] } },
{ "type": "Feature", "properties": { "Il_Adi": "ANTALYA", "Ilce_Adi": "GÜNDOĞMUŞ", "TİPİ": "İLÇE" }, "bbox": [ 31.9979388, 36.8136421, 31.9979388, 36.8136421 ], "geometry": { "type": "Point", "coordinates": [ 31.9979388, 36.8136421 ] } },
{ "type": "Feature", "properties": { "Il_Adi": "ANTALYA", "Ilce_Adi": "İBRADI", "TİPİ": "İLÇE" }, "bbox": [ 31.5975565, 37.0975787, 31.5975565, 37.0975787 ], "geometry": { "type": "Point", "coordinates": [ 31.5975565, 37.0975787 ] } },
{ "type": "Feature", "properties": { "Il_Adi": "ANTALYA", "Ilce_Adi": "DEMRE", "TİPİ": "İLÇE" }, "bbox": [ 29.9875057, 36.2454728, 29.9875057, 36.2454728 ], "geometry": { "type": "Point", "coordinates": [ 29.9875057, 36.2454728 ] } },
{ "type": "Feature", "properties": { "Il_Adi": "ANTALYA", "Ilce_Adi": "KAŞ", "TİPİ": "İLÇE" }, "bbox": [ 29.6549027, 36.2093535, 29.6549027, 36.2093535 ], "geometry": { "type": "Point", "coordinates": [ 29.6549027, 36.2093535 ] } },
{ "type": "Feature", "properties": { "Il_Adi": "ANTALYA", "Ilce_Adi": "KEMER", "TİPİ": "İLÇE" }, "bbox": [ 30.544558, 36.5989041, 30.544558, 36.5989041 ], "geometry": { "type": "Point", "coordinates": [ 30.544558, 36.5989041 ] } },
{ "type": "Feature", "properties": { "Il_Adi": "ANTALYA", "Ilce_Adi": "KORKUTELİ", "TİPİ": "İLÇE" }, "bbox": [ 30.1973604, 37.0618473, 30.1973604, 37.0618473 ], "geometry": { "type": "Point", "coordinates": [ 30.1973604, 37.0618473 ] } },
{ "type": "Feature", "properties": { "Il_Adi": "ANTALYA", "Ilce_Adi": "KUMLUCA", "TİPİ": "İLÇE" }, "bbox": [ 30.2881328, 36.3632043, 30.2881328, 36.3632043 ], "geometry": { "type": "Point", "coordinates": [ 30.2881328, 36.3632043 ] } },
{ "type": "Feature", "properties": { "Il_Adi": "ANTALYA", "Ilce_Adi": "MANAVGAT", "TİPİ": "İLÇE" }, "bbox": [ 31.4423215, 36.783018, 31.4423215, 36.783018 ], "geometry": { "type": "Point", "coordinates": [ 31.4423215, 36.783018 ] } },
{ "type": "Feature", "properties": { "Il_Adi": "ANTALYA", "Ilce_Adi": "SERİK", "TİPİ": "İLÇE" }, "bbox": [ 31.1036116, 36.9140987, 31.1036116, 36.9140987 ], "geometry": { "type": "Point", "coordinates": [ 31.1036116, 36.9140987 ] } },
{ "type": "Feature", "properties": { "Il_Adi": "ANTALYA", "Ilce_Adi": "AKSU", "TİPİ": "İLÇE" }, "bbox": [ 30.8327025, 36.9458584, 30.8327025, 36.9458584 ], "geometry": { "type": "Point", "coordinates": [ 30.8327025, 36.9458584 ] } },
{ "type": "Feature", "properties": { "Il_Adi": "ANTALYA", "Ilce_Adi": "DÖŞEMEALTI", "TİPİ": "İLÇE" }, "bbox": [ 30.6021163, 37.0255918, 30.6021163, 37.0255918 ], "geometry": { "type": "Point", "coordinates": [ 30.6021163, 37.0255918 ] } },
{ "type": "Feature", "properties": { "Il_Adi": "ARTVİN", "Ilce_Adi": "ARDANUÇ", "TİPİ": "İLÇE" }, "bbox": [ 42.0655405, 41.1224392, 42.0655405, 41.1224392 ], "geometry": { "type": "Point", "coordinates": [ 42.0655405, 41.1224392 ] } },
{ "type": "Feature", "properties": { "Il_Adi": "ARTVİN", "Ilce_Adi": "ARHAVİ", "TİPİ": "İLÇE" }, "bbox": [ 41.3049688, 41.3348703, 41.3049688, 41.3348703 ], "geometry": { "type": "Point", "coordinates": [ 41.3049688, 41.3348703 ] } },
{ "type": "Feature", "properties": { "Il_Adi": "ARTVİN", "Ilce_Adi": "BORÇKA", "TİPİ": "İLÇE" }, "bbox": [ 41.6755018, 41.3586866, 41.6755018, 41.3586866 ], "geometry": { "type": "Point", "coordinates": [ 41.6755018, 41.3586866 ] } },
{ "type": "Feature", "properties": { "Il_Adi": "ARTVİN", "Ilce_Adi": "HOPA", "TİPİ": "İLÇE" }, "bbox": [ 41.4360776, 41.3857813, 41.4360776, 41.3857813 ], "geometry": { "type": "Point", "coordinates": [ 41.4360776, 41.3857813 ] } },
{ "type": "Feature", "properties": { "Il_Adi": "ARTVİN", "Ilce_Adi": "MURGUL", "TİPİ": "İLÇE" }, "bbox": [ 41.5643683, 41.2834917, 41.5643683, 41.2834917 ], "geometry": { "type": "Point", "coordinates": [ 41.5643683, 41.2834917 ] } },
{ "type": "Feature", "properties": { "Il_Adi": "ARTVİN", "Ilce_Adi": "ŞAVŞAT", "TİPİ": "İLÇE" }, "bbox": [ 42.3551311, 41.2421816, 42.3551311, 41.2421816 ], "geometry": { "type": "Point", "coordinates": [ 42.3551311, 41.2421816 ] } },
{ "type": "Feature", "properties": { "Il_Adi": "ARTVİN", "Ilce_Adi": "YUSUFELİ", "TİPİ": "İLÇE" }, "bbox": [ 41.545797, 40.819147, 41.545797, 40.819147 ], "geometry": { "type": "Point", "coordinates": [ 41.545797, 40.819147 ] } },
{ "type": "Feature", "properties": { "Il_Adi": "AYDIN", "Ilce_Adi": "BOZDOĞAN", "TİPİ": "İLÇE" }, "bbox": [ 28.3119988, 37.6744025, 28.3119988, 37.6744025 ], "geometry": { "type": "Point", "coordinates": [ 28.3119988, 37.6744025 ] } },
{ "type": "Feature", "properties": { "Il_Adi": "AYDIN", "Ilce_Adi": "BUHARKENT", "TİPİ": "İLÇE" }, "bbox": [ 28.7440722, 37.9666546, 28.7440722, 37.9666546 ], "geometry": { "type": "Point", "coordinates": [ 28.7440722, 37.9666546 ] } },
{ "type": "Feature", "properties": { "Il_Adi": "AYDIN", "Ilce_Adi": "ÇİNE", "TİPİ": "İLÇE" }, "bbox": [ 28.0639634, 37.6156148, 28.0639634, 37.6156148 ], "geometry": { "type": "Point", "coordinates": [ 28.0639634, 37.6156148 ] } },
{ "type": "Feature", "properties": { "Il_Adi": "AYDIN", "Ilce_Adi": "DİDİM", "TİPİ": "İLÇE" }, "bbox": [ 27.2682628, 37.3789917, 27.2682628, 37.3789917 ], "geometry": { "type": "Point", "coordinates": [ 27.2682628, 37.3789917 ] } },
{ "type": "Feature", "properties": { "Il_Adi": "AYDIN", "Ilce_Adi": "GERMENCİK", "TİPİ": "İLÇE" }, "bbox": [ 27.6003562, 37.8739546, 27.6003562, 37.8739546 ], "geometry": { "type": "Point", "coordinates": [ 27.6003562, 37.8739546 ] } },
{ "type": "Feature", "properties": { "Il_Adi": "AYDIN", "Ilce_Adi": "İNCİRLİOVA", "TİPİ": "İLÇE" }, "bbox": [ 27.7252365, 37.8543244, 27.7252365, 37.8543244 ], "geometry": { "type": "Point", "coordinates": [ 27.7252365, 37.8543244 ] } },
{ "type": "Feature", "properties": { "Il_Adi": "AYDIN", "Ilce_Adi": "KARACASU", "TİPİ": "İLÇE" }, "bbox": [ 28.6251544, 37.7403419, 28.6251544, 37.7403419 ], "geometry": { "type": "Point", "coordinates": [ 28.6251544, 37.7403419 ] } },
{ "type": "Feature", "properties": { "Il_Adi": "AYDIN", "Ilce_Adi": "KARPUZLU", "TİPİ": "İLÇE" }, "bbox": [ 27.8367313, 37.5602083, 27.8367313, 37.5602083 ], "geometry": { "type": "Point", "coordinates": [ 27.8367313, 37.5602083 ] } },
{ "type": "Feature", "properties": { "Il_Adi": "AYDIN", "Ilce_Adi": "KOÇARLI", "TİPİ": "İLÇE" }, "bbox": [ 27.7073067, 37.7622302, 27.7073067, 37.7622302 ], "geometry": { "type": "Point", "coordinates": [ 27.7073067, 37.7622302 ] } },
{ "type": "Feature", "properties": { "Il_Adi": "AYDIN", "Ilce_Adi": "KÖŞK", "TİPİ": "İLÇE" }, "bbox": [ 28.0537609, 37.8554455, 28.0537609, 37.8554455 ], "geometry": { "type": "Point", "coordinates": [ 28.0537609, 37.8554455 ] } },
{ "type": "Feature", "properties": { "Il_Adi": "AYDIN", "Ilce_Adi": "KUŞADASI", "TİPİ": "İLÇE" }, "bbox": [ 27.2769528, 37.8574908, 27.2769528, 37.8574908 ], "geometry": { "type": "Point", "coordinates": [ 27.2769528, 37.8574908 ] } },
{ "type": "Feature", "properties": { "Il_Adi": "AYDIN", "Ilce_Adi": "KUYUCAK", "TİPİ": "İLÇE" }, "bbox": [ 28.4618075, 37.9087482, 28.4618075, 37.9087482 ], "geometry": { "type": "Point", "coordinates": [ 28.4618075, 37.9087482 ] } },
{ "type": "Feature", "properties": { "Il_Adi": "AYDIN", "Ilce_Adi": "NAZİLLİ", "TİPİ": "İLÇE" }, "bbox": [ 28.3287236, 37.9121481, 28.3287236, 37.9121481 ], "geometry": { "type": "Point", "coordinates": [ 28.3287236, 37.9121481 ] } },
{ "type": "Feature", "properties": { "Il_Adi": "AYDIN", "Ilce_Adi": "SÖKE", "TİPİ": "İLÇE" }, "bbox": [ 27.4041382, 37.7550996, 27.4041382, 37.7550996 ], "geometry": { "type": "Point", "coordinates": [ 27.4041382, 37.7550996 ] } },
{ "type": "Feature", "properties": { "Il_Adi": "AYDIN", "Ilce_Adi": "SULTANHİSAR", "TİPİ": "İLÇE" }, "bbox": [ 28.1542909, 37.8874913, 28.1542909, 37.8874913 ], "geometry": { "type": "Point", "coordinates": [ 28.1542909, 37.8874913 ] } },
{ "type": "Feature", "properties": { "Il_Adi": "AYDIN", "Ilce_Adi": "YENİPAZAR", "TİPİ": "İLÇE" }, "bbox": [ 28.1965121, 37.8261466, 28.1965121, 37.8261466 ], "geometry": { "type": "Point", "coordinates": [ 28.1965121, 37.8261466 ] } },
{ "type": "Feature", "properties": { "Il_Adi": "BALIKESİR", "Ilce_Adi": "AYVALIK", "TİPİ": "İLÇE" }, "bbox": [ 26.7113959, 39.3039506, 26.7113959, 39.3039506 ], "geometry": { "type": "Point", "coordinates": [ 26.7113959, 39.3039506 ] } },
{ "type": "Feature", "properties": { "Il_Adi": "BALIKESİR", "Ilce_Adi": "BALYA", "TİPİ": "İLÇE" }, "bbox": [ 27.5719154, 39.7478219, 27.5719154, 39.7478219 ], "geometry": { "type": "Point", "coordinates": [ 27.5719154, 39.7478219 ] } },
{ "type": "Feature", "properties": { "Il_Adi": "BALIKESİR", "Ilce_Adi": "BANDIRMA", "TİPİ": "İLÇE" }, "bbox": [ 27.9549111, 40.3364105, 27.9549111, 40.3364105 ], "geometry": { "type": "Point", "coordinates": [ 27.9549111, 40.3364105 ] } },
{ "type": "Feature", "properties": { "Il_Adi": "BALIKESİR", "Ilce_Adi": "BİGADİÇ", "TİPİ": "İLÇE" }, "bbox": [ 28.126382, 39.3923799, 28.126382, 39.3923799 ], "geometry": { "type": "Point", "coordinates": [ 28.126382, 39.3923799 ] } },
{ "type": "Feature", "properties": { "Il_Adi": "BALIKESİR", "Ilce_Adi": "BURHANİYE", "TİPİ": "İLÇE" }, "bbox": [ 26.9767376, 39.505955, 26.9767376, 39.505955 ], "geometry": { "type": "Point", "coordinates": [ 26.9767376, 39.505955 ] } },
{ "type": "Feature", "properties": { "Il_Adi": "BALIKESİR", "Ilce_Adi": "DURSUNBEY", "TİPİ": "İLÇE" }, "bbox": [ 28.6166754, 39.5897842, 28.6166754, 39.5897842 ], "geometry": { "type": "Point", "coordinates": [ 28.6166754, 39.5897842 ] } },
{ "type": "Feature", "properties": { "Il_Adi": "BALIKESİR", "Ilce_Adi": "EDREMİT", "TİPİ": "İLÇE" }, "bbox": [ 27.0232931, 39.5944773, 27.0232931, 39.5944773 ], "geometry": { "type": "Point", "coordinates": [ 27.0232931, 39.5944773 ] } },
{ "type": "Feature", "properties": { "Il_Adi": "BALIKESİR", "Ilce_Adi": "ERDEK", "TİPİ": "İLÇE" }, "bbox": [ 27.8077858, 40.4104849, 27.8077858, 40.4104849 ], "geometry": { "type": "Point", "coordinates": [ 27.8077858, 40.4104849 ] } },
{ "type": "Feature", "properties": { "Il_Adi": "BALIKESİR", "Ilce_Adi": "GÖMEÇ", "TİPİ": "İLÇE" }, "bbox": [ 26.8374359, 39.3887084, 26.8374359, 39.3887084 ], "geometry": { "type": "Point", "coordinates": [ 26.8374359, 39.3887084 ] } },
{ "type": "Feature", "properties": { "Il_Adi": "BALIKESİR", "Ilce_Adi": "GÖNEN", "TİPİ": "İLÇE" }, "bbox": [ 27.6452317, 40.0988105, 27.6452317, 40.0988105 ], "geometry": { "type": "Point", "coordinates": [ 27.6452317, 40.0988105 ] } },
{ "type": "Feature", "properties": { "Il_Adi": "BALIKESİR", "Ilce_Adi": "HAVRAN", "TİPİ": "İLÇE" }, "bbox": [ 27.0931218, 39.5599816, 27.0931218, 39.5599816 ], "geometry": { "type": "Point", "coordinates": [ 27.0931218, 39.5599816 ] } },
{ "type": "Feature", "properties": { "Il_Adi": "BALIKESİR", "Ilce_Adi": "İVRİNDİ", "TİPİ": "İLÇE" }, "bbox": [ 27.4773656, 39.5770589, 27.4773656, 39.5770589 ], "geometry": { "type": "Point", "coordinates": [ 27.4773656, 39.5770589 ] } },
{ "type": "Feature", "properties": { "Il_Adi": "BALIKESİR", "Ilce_Adi": "KEPSUT", "TİPİ": "İLÇE" }, "bbox": [ 28.1580338, 39.6873685, 28.1580338, 39.6873685 ], "geometry": { "type": "Point", "coordinates": [ 28.1580338, 39.6873685 ] } },
{ "type": "Feature", "properties": { "Il_Adi": "BALIKESİR", "Ilce_Adi": "MANYAS", "TİPİ": "İLÇE" }, "bbox": [ 27.9611864, 40.0425641, 27.9611864, 40.0425641 ], "geometry": { "type": "Point", "coordinates": [ 27.9611864, 40.0425641 ] } },
{ "type": "Feature", "properties": { "Il_Adi": "BALIKESİR", "Ilce_Adi": "MARMARA", "TİPİ": "İLÇE" }, "bbox": [ 27.5625295, 40.6044315, 27.5625295, 40.6044315 ], "geometry": { "type": "Point", "coordinates": [ 27.5625295, 40.6044315 ] } },
{ "type": "Feature", "properties": { "Il_Adi": "BALIKESİR", "Ilce_Adi": "SAVAŞTEPE", "TİPİ": "İLÇE" }, "bbox": [ 27.6501544, 39.3779951, 27.6501544, 39.3779951 ], "geometry": { "type": "Point", "coordinates": [ 27.6501544, 39.3779951 ] } },
{ "type": "Feature", "properties": { "Il_Adi": "BALIKESİR", "Ilce_Adi": "SINDIRGI", "TİPİ": "İLÇE" }, "bbox": [ 28.1761236, 39.2393763, 28.1761236, 39.2393763 ], "geometry": { "type": "Point", "coordinates": [ 28.1761236, 39.2393763 ] } },
{ "type": "Feature", "properties": { "Il_Adi": "BALIKESİR", "Ilce_Adi": "SUSURLUK", "TİPİ": "İLÇE" }, "bbox": [ 28.1465925, 39.9147479, 28.1465925, 39.9147479 ], "geometry": { "type": "Point", "coordinates": [ 28.1465925, 39.9147479 ] } },
{ "type": "Feature", "properties": { "Il_Adi": "BİLECİK", "Ilce_Adi": "BOZÜYÜK", "TİPİ": "İLÇE" }, "bbox": [ 30.0359354, 39.9063128, 30.0359354, 39.9063128 ], "geometry": { "type": "Point", "coordinates": [ 30.0359354, 39.9063128 ] } },
{ "type": "Feature", "properties": { "Il_Adi": "BİLECİK", "Ilce_Adi": "GÖLPAZARI", "TİPİ": "İLÇE" }, "bbox": [ 30.3173273, 40.2853276, 30.3173273, 40.2853276 ], "geometry": { "type": "Point", "coordinates": [ 30.3173273, 40.2853276 ] } },
{ "type": "Feature", "properties": { "Il_Adi": "BİLECİK", "Ilce_Adi": "İNHİSAR", "TİPİ": "İLÇE" }, "bbox": [ 30.3845123, 40.05239, 30.3845123, 40.05239 ], "geometry": { "type": "Point", "coordinates": [ 30.3845123, 40.05239 ] } },
{ "type": "Feature", "properties": { "Il_Adi": "BİLECİK", "Ilce_Adi": "OSMANELİ", "TİPİ": "İLÇE" }, "bbox": [ 30.0053327, 40.3544173, 30.0053327, 40.3544173 ], "geometry": { "type": "Point", "coordinates": [ 30.0053327, 40.3544173 ] } },
{ "type": "Feature", "properties": { "Il_Adi": "BİLECİK", "Ilce_Adi": "PAZARYERİ", "TİPİ": "İLÇE" }, "bbox": [ 29.9021042, 39.9956858, 29.9021042, 39.9956858 ], "geometry": { "type": "Point", "coordinates": [ 29.9021042, 39.9956858 ] } },
{ "type": "Feature", "properties": { "Il_Adi": "BİLECİK", "Ilce_Adi": "SÖĞÜT", "TİPİ": "İLÇE" }, "bbox": [ 30.1832365, 40.0156903, 30.1832365, 40.0156903 ], "geometry": { "type": "Point", "coordinates": [ 30.1832365, 40.0156903 ] } },
{ "type": "Feature", "properties": { "Il_Adi": "BİLECİK", "Ilce_Adi": "YENİPAZAR", "TİPİ": "İLÇE" }, "bbox": [ 30.5200177, 40.1783332, 30.5200177, 40.1783332 ], "geometry": { "type": "Point", "coordinates": [ 30.5200177, 40.1783332 ] } },
{ "type": "Feature", "properties": { "Il_Adi": "BİNGÖL", "Ilce_Adi": "ADAKLI", "TİPİ": "İLÇE" }, "bbox": [ 40.4829411, 39.2281246, 40.4829411, 39.2281246 ], "geometry": { "type": "Point", "coordinates": [ 40.4829411, 39.2281246 ] } },
{ "type": "Feature", "properties": { "Il_Adi": "BİNGÖL", "Ilce_Adi": "GENÇ", "TİPİ": "İLÇE" }, "bbox": [ 40.553427, 38.7477289, 40.553427, 38.7477289 ], "geometry": { "type": "Point", "coordinates": [ 40.553427, 38.7477289 ] } },
{ "type": "Feature", "properties": { "Il_Adi": "BİNGÖL", "Ilce_Adi": "KARLIOVA", "TİPİ": "İLÇE" }, "bbox": [ 41.0120071, 39.2968592, 41.0120071, 39.2968592 ], "geometry": { "type": "Point", "coordinates": [ 41.0120071, 39.2968592 ] } },
{ "type": "Feature", "properties": { "Il_Adi": "BİNGÖL", "Ilce_Adi": "KİĞI", "TİPİ": "İLÇE" }, "bbox": [ 40.3498678, 39.3086744, 40.3498678, 39.3086744 ], "geometry": { "type": "Point", "coordinates": [ 40.3498678, 39.3086744 ] } },
{ "type": "Feature", "properties": { "Il_Adi": "BİNGÖL", "Ilce_Adi": "SOLHAN", "TİPİ": "İLÇE" }, "bbox": [ 41.0569294, 38.9685619, 41.0569294, 38.9685619 ], "geometry": { "type": "Point", "coordinates": [ 41.0569294, 38.9685619 ] } },
{ "type": "Feature", "properties": { "Il_Adi": "BİNGÖL", "Ilce_Adi": "YAYLADERE", "TİPİ": "İLÇE" }, "bbox": [ 40.0689712, 39.225992, 40.0689712, 39.225992 ], "geometry": { "type": "Point", "coordinates": [ 40.0689712, 39.225992 ] } },
{ "type": "Feature", "properties": { "Il_Adi": "BİNGÖL", "Ilce_Adi": "YEDİSU", "TİPİ": "İLÇE" }, "bbox": [ 40.5448153, 39.4341943, 40.5448153, 39.4341943 ], "geometry": { "type": "Point", "coordinates": [ 40.5448153, 39.4341943 ] } },
{ "type": "Feature", "properties": { "Il_Adi": "BİTLİS", "Ilce_Adi": "ADİLCEVAZ", "TİPİ": "İLÇE" }, "bbox": [ 42.7342285, 38.8034128, 42.7342285, 38.8034128 ], "geometry": { "type": "Point", "coordinates": [ 42.7342285, 38.8034128 ] } },
{ "type": "Feature", "properties": { "Il_Adi": "BİTLİS", "Ilce_Adi": "AHLAT", "TİPİ": "İLÇE" }, "bbox": [ 42.4883466, 38.7555867, 42.4883466, 38.7555867 ], "geometry": { "type": "Point", "coordinates": [ 42.4883466, 38.7555867 ] } },
{ "type": "Feature", "properties": { "Il_Adi": "BİTLİS", "Ilce_Adi": "GÜROYMAK", "TİPİ": "İLÇE" }, "bbox": [ 42.0252226, 38.5753371, 42.0252226, 38.5753371 ], "geometry": { "type": "Point", "coordinates": [ 42.0252226, 38.5753371 ] } },
{ "type": "Feature", "properties": { "Il_Adi": "BİTLİS", "Ilce_Adi": "HİZAN", "TİPİ": "İLÇE" }, "bbox": [ 42.4261711, 38.2253417, 42.4261711, 38.2253417 ], "geometry": { "type": "Point", "coordinates": [ 42.4261711, 38.2253417 ] } },
{ "type": "Feature", "properties": { "Il_Adi": "BİTLİS", "Ilce_Adi": "MUTKİ", "TİPİ": "İLÇE" }, "bbox": [ 41.9215702, 38.4091021, 41.9215702, 38.4091021 ], "geometry": { "type": "Point", "coordinates": [ 41.9215702, 38.4091021 ] } },
{ "type": "Feature", "properties": { "Il_Adi": "BİTLİS", "Ilce_Adi": "TATVAN", "TİPİ": "İLÇE" }, "bbox": [ 42.2757577, 38.4908093, 42.2757577, 38.4908093 ], "geometry": { "type": "Point", "coordinates": [ 42.2757577, 38.4908093 ] } },
{ "type": "Feature", "properties": { "Il_Adi": "BOLU", "Ilce_Adi": "DÖRTDİVAN", "TİPİ": "İLÇE" }, "bbox": [ 32.0528391, 40.7183358, 32.0528391, 40.7183358 ], "geometry": { "type": "Point", "coordinates": [ 32.0528391, 40.7183358 ] } },
{ "type": "Feature", "properties": { "Il_Adi": "BOLU", "Ilce_Adi": "GEREDE", "TİPİ": "İLÇE" }, "bbox": [ 32.19392, 40.8004813, 32.19392, 40.8004813 ], "geometry": { "type": "Point", "coordinates": [ 32.19392, 40.8004813 ] } },
{ "type": "Feature", "properties": { "Il_Adi": "BOLU", "Ilce_Adi": "GÖYNÜK", "TİPİ": "İLÇE" }, "bbox": [ 30.7869927, 40.4008456, 30.7869927, 40.4008456 ], "geometry": { "type": "Point", "coordinates": [ 30.7869927, 40.4008456 ] } },
{ "type": "Feature", "properties": { "Il_Adi": "BOLU", "Ilce_Adi": "KIBRISCIK", "TİPİ": "İLÇE" }, "bbox": [ 31.8506039, 40.4069955, 31.8506039, 40.4069955 ], "geometry": { "type": "Point", "coordinates": [ 31.8506039, 40.4069955 ] } },
{ "type": "Feature", "properties": { "Il_Adi": "BOLU", "Ilce_Adi": "MENGEN", "TİPİ": "İLÇE" }, "bbox": [ 32.0735113, 40.9346974, 32.0735113, 40.9346974 ], "geometry": { "type": "Point", "coordinates": [ 32.0735113, 40.9346974 ] } },
{ "type": "Feature", "properties": { "Il_Adi": "BOLU", "Ilce_Adi": "MUDURNU", "TİPİ": "İLÇE" }, "bbox": [ 31.2017052, 40.4886324, 31.2017052, 40.4886324 ], "geometry": { "type": "Point", "coordinates": [ 31.2017052, 40.4886324 ] } },
{ "type": "Feature", "properties": { "Il_Adi": "BOLU", "Ilce_Adi": "SEBEN", "TİPİ": "İLÇE" }, "bbox": [ 31.5735823, 40.4106657, 31.5735823, 40.4106657 ], "geometry": { "type": "Point", "coordinates": [ 31.5735823, 40.4106657 ] } },
{ "type": "Feature", "properties": { "Il_Adi": "BOLU", "Ilce_Adi": "YENİÇAĞA", "TİPİ": "İLÇE" }, "bbox": [ 32.0283771, 40.7721816, 32.0283771, 40.7721816 ], "geometry": { "type": "Point", "coordinates": [ 32.0283771, 40.7721816 ] } },
{ "type": "Feature", "properties": { "Il_Adi": "BURDUR", "Ilce_Adi": "AĞLASUN", "TİPİ": "İLÇE" }, "bbox": [ 30.5345386, 37.6509715, 30.5345386, 37.6509715 ], "geometry": { "type": "Point", "coordinates": [ 30.5345386, 37.6509715 ] } },
{ "type": "Feature", "properties": { "Il_Adi": "BURDUR", "Ilce_Adi": "ALTINYAYLA", "TİPİ": "İLÇE" }, "bbox": [ 29.5459353, 36.9969592, 29.5459353, 36.9969592 ], "geometry": { "type": "Point", "coordinates": [ 29.5459353, 36.9969592 ] } },
{ "type": "Feature", "properties": { "Il_Adi": "BURDUR", "Ilce_Adi": "BUCAK", "TİPİ": "İLÇE" }, "bbox": [ 30.5883452, 37.4587853, 30.5883452, 37.4587853 ], "geometry": { "type": "Point", "coordinates": [ 30.5883452, 37.4587853 ] } },
{ "type": "Feature", "properties": { "Il_Adi": "BURDUR", "Ilce_Adi": "ÇAVDIR", "TİPİ": "İLÇE" }, "bbox": [ 29.6908493, 37.1576339, 29.6908493, 37.1576339 ], "geometry": { "type": "Point", "coordinates": [ 29.6908493, 37.1576339 ] } },
{ "type": "Feature", "properties": { "Il_Adi": "BURDUR", "Ilce_Adi": "ÇELTİKÇİ", "TİPİ": "İLÇE" }, "bbox": [ 30.4834148, 37.5369777, 30.4834148, 37.5369777 ], "geometry": { "type": "Point", "coordinates": [ 30.4834148, 37.5369777 ] } },
{ "type": "Feature", "properties": { "Il_Adi": "BURDUR", "Ilce_Adi": "GÖLHİSAR", "TİPİ": "İLÇE" }, "bbox": [ 29.507974, 37.1431757, 29.507974, 37.1431757 ], "geometry": { "type": "Point", "coordinates": [ 29.507974, 37.1431757 ] } },
{ "type": "Feature", "properties": { "Il_Adi": "BURDUR", "Ilce_Adi": "KARAMANLI", "TİPİ": "İLÇE" }, "bbox": [ 29.8339667, 37.3710517, 29.8339667, 37.3710517 ], "geometry": { "type": "Point", "coordinates": [ 29.8339667, 37.3710517 ] } },
{ "type": "Feature", "properties": { "Il_Adi": "BURDUR", "Ilce_Adi": "KEMER", "TİPİ": "İLÇE" }, "bbox": [ 30.0561009, 37.3541311, 30.0561009, 37.3541311 ], "geometry": { "type": "Point", "coordinates": [ 30.0561009, 37.3541311 ] } },
{ "type": "Feature", "properties": { "Il_Adi": "BURDUR", "Ilce_Adi": "TEFENNİ", "TİPİ": "İLÇE" }, "bbox": [ 29.7830033, 37.3052575, 29.7830033, 37.3052575 ], "geometry": { "type": "Point", "coordinates": [ 29.7830033, 37.3052575 ] } },
{ "type": "Feature", "properties": { "Il_Adi": "BURDUR", "Ilce_Adi": "YEŞİLOVA", "TİPİ": "İLÇE" }, "bbox": [ 29.7549112, 37.5102938, 29.7549112, 37.5102938 ], "geometry": { "type": "Point", "coordinates": [ 29.7549112, 37.5102938 ] } },
{ "type": "Feature", "properties": { "Il_Adi": "BURSA", "Ilce_Adi": "NİLÜFER", "TİPİ": "İLÇE" }, "bbox": [ 28.9877311, 40.2127898, 28.9877311, 40.2127898 ], "geometry": { "type": "Point", "coordinates": [ 28.9877311, 40.2127898 ] } },
{ "type": "Feature", "properties": { "Il_Adi": "BURSA", "Ilce_Adi": "OSMANGAZİ", "TİPİ": "İLÇE" }, "bbox": [ 29.0328742, 40.2095732, 29.0328742, 40.2095732 ], "geometry": { "type": "Point", "coordinates": [ 29.0328742, 40.2095732 ] } },
{ "type": "Feature", "properties": { "Il_Adi": "BURSA", "Ilce_Adi": "YILDIRIM", "TİPİ": "İLÇE" }, "bbox": [ 29.0913145, 40.1995232, 29.0913145, 40.1995232 ], "geometry": { "type": "Point", "coordinates": [ 29.0913145, 40.1995232 ] } },
{ "type": "Feature", "properties": { "Il_Adi": "BURSA", "Ilce_Adi": "BÜYÜK ORHAN", "TİPİ": "İLÇE" }, "bbox": [ 28.8874332, 39.7690963, 28.8874332, 39.7690963 ], "geometry": { "type": "Point", "coordinates": [ 28.8874332, 39.7690963 ] } },
{ "type": "Feature", "properties": { "Il_Adi": "BURSA", "Ilce_Adi": "GEMLİK", "TİPİ": "İLÇE" }, "bbox": [ 29.1717335, 40.429043, 29.1717335, 40.429043 ], "geometry": { "type": "Point", "coordinates": [ 29.1717335, 40.429043 ] } },
{ "type": "Feature", "properties": { "Il_Adi": "BURSA", "Ilce_Adi": "GÜRSU", "TİPİ": "İLÇE" }, "bbox": [ 29.1941872, 40.2201391, 29.1941872, 40.2201391 ], "geometry": { "type": "Point", "coordinates": [ 29.1941872, 40.2201391 ] } },
{ "type": "Feature", "properties": { "Il_Adi": "BURSA", "Ilce_Adi": "HARMANCIK", "TİPİ": "İLÇE" }, "bbox": [ 29.1452677, 39.6753509, 29.1452677, 39.6753509 ], "geometry": { "type": "Point", "coordinates": [ 29.1452677, 39.6753509 ] } },
{ "type": "Feature", "properties": { "Il_Adi": "BURSA", "Ilce_Adi": "İNEGÖL", "TİPİ": "İLÇE" }, "bbox": [ 29.5110502, 40.0812763, 29.5110502, 40.0812763 ], "geometry": { "type": "Point", "coordinates": [ 29.5110502, 40.0812763 ] } },
{ "type": "Feature", "properties": { "Il_Adi": "BURSA", "Ilce_Adi": "İZNİK", "TİPİ": "İLÇE" }, "bbox": [ 29.731122, 40.4317346, 29.731122, 40.4317346 ], "geometry": { "type": "Point", "coordinates": [ 29.731122, 40.4317346 ] } },
{ "type": "Feature", "properties": { "Il_Adi": "BURSA", "Ilce_Adi": "KARACABEY", "TİPİ": "İLÇE" }, "bbox": [ 28.3513034, 40.2098402, 28.3513034, 40.2098402 ], "geometry": { "type": "Point", "coordinates": [ 28.3513034, 40.2098402 ] } },
{ "type": "Feature", "properties": { "Il_Adi": "BURSA", "Ilce_Adi": "KELES", "TİPİ": "İLÇE" }, "bbox": [ 29.2164254, 39.9143132, 29.2164254, 39.9143132 ], "geometry": { "type": "Point", "coordinates": [ 29.2164254, 39.9143132 ] } },
{ "type": "Feature", "properties": { "Il_Adi": "BURSA", "Ilce_Adi": "KESTEL", "TİPİ": "İLÇE" }, "bbox": [ 29.2123336, 40.1999751, 29.2123336, 40.1999751 ], "geometry": { "type": "Point", "coordinates": [ 29.2123336, 40.1999751 ] } },
{ "type": "Feature", "properties": { "Il_Adi": "BURSA", "Ilce_Adi": "MUDANYA", "TİPİ": "İLÇE" }, "bbox": [ 28.8707928, 40.3652185, 28.8707928, 40.3652185 ], "geometry": { "type": "Point", "coordinates": [ 28.8707928, 40.3652185 ] } },
{ "type": "Feature", "properties": { "Il_Adi": "BURSA", "Ilce_Adi": "MUSTAFAKEMALPAŞA", "TİPİ": "İLÇE" }, "bbox": [ 28.4065077, 40.0380136, 28.4065077, 40.0380136 ], "geometry": { "type": "Point", "coordinates": [ 28.4065077, 40.0380136 ] } },
{ "type": "Feature", "properties": { "Il_Adi": "BURSA", "Ilce_Adi": "ORHANELİ", "TİPİ": "İLÇE" }, "bbox": [ 28.9827052, 39.904763, 28.9827052, 39.904763 ], "geometry": { "type": "Point", "coordinates": [ 28.9827052, 39.904763 ] } },
{ "type": "Feature", "properties": { "Il_Adi": "BURSA", "Ilce_Adi": "ORHANGAZİ", "TİPİ": "İLÇE" }, "bbox": [ 29.3086374, 40.4924773, 29.3086374, 40.4924773 ], "geometry": { "type": "Point", "coordinates": [ 29.3086374, 40.4924773 ] } },
{ "type": "Feature", "properties": { "Il_Adi": "BURSA", "Ilce_Adi": "YENİŞEHİR", "TİPİ": "İLÇE" }, "bbox": [ 29.6506062, 40.2623767, 29.6506062, 40.2623767 ], "geometry": { "type": "Point", "coordinates": [ 29.6506062, 40.2623767 ] } },
{ "type": "Feature", "properties": { "Il_Adi": "ÇANAKKALE", "Ilce_Adi": "AYVACIK", "TİPİ": "İLÇE" }, "bbox": [ 26.4114485, 39.6071272, 26.4114485, 39.6071272 ], "geometry": { "type": "Point", "coordinates": [ 26.4114485, 39.6071272 ] } },
{ "type": "Feature", "properties": { "Il_Adi": "ÇANAKKALE", "Ilce_Adi": "BAYRAMİÇ", "TİPİ": "İLÇE" }, "bbox": [ 26.6103681, 39.8118738, 26.6103681, 39.8118738 ], "geometry": { "type": "Point", "coordinates": [ 26.6103681, 39.8118738 ] } },
{ "type": "Feature", "properties": { "Il_Adi": "ÇANAKKALE", "Ilce_Adi": "BİGA", "TİPİ": "İLÇE" }, "bbox": [ 27.2350704, 40.226499, 27.2350704, 40.226499 ], "geometry": { "type": "Point", "coordinates": [ 27.2350704, 40.226499 ] } },
{ "type": "Feature", "properties": { "Il_Adi": "ÇANAKKALE", "Ilce_Adi": "BOZCAADA", "TİPİ": "İLÇE" }, "bbox": [ 26.0491221, 39.8236097, 26.0491221, 39.8236097 ], "geometry": { "type": "Point", "coordinates": [ 26.0491221, 39.8236097 ] } },
{ "type": "Feature", "properties": { "Il_Adi": "ÇANAKKALE", "Ilce_Adi": "ÇAN", "TİPİ": "İLÇE" }, "bbox": [ 27.0468779, 40.0285226, 27.0468779, 40.0285226 ], "geometry": { "type": "Point", "coordinates": [ 27.0468779, 40.0285226 ] } },
{ "type": "Feature", "properties": { "Il_Adi": "ÇANAKKALE", "Ilce_Adi": "ECEABAT", "TİPİ": "İLÇE" }, "bbox": [ 26.3424779, 40.1772331, 26.3424779, 40.1772331 ], "geometry": { "type": "Point", "coordinates": [ 26.3424779, 40.1772331 ] } },
{ "type": "Feature", "properties": { "Il_Adi": "ÇANAKKALE", "Ilce_Adi": "EZİNE", "TİPİ": "İLÇE" }, "bbox": [ 26.3453031, 39.7821021, 26.3453031, 39.7821021 ], "geometry": { "type": "Point", "coordinates": [ 26.3453031, 39.7821021 ] } },
{ "type": "Feature", "properties": { "Il_Adi": "ÇANAKKALE", "Ilce_Adi": "GELİBOLU", "TİPİ": "İLÇE" }, "bbox": [ 26.6459038, 40.4193005, 26.6459038, 40.4193005 ], "geometry": { "type": "Point", "coordinates": [ 26.6459038, 40.4193005 ] } },
{ "type": "Feature", "properties": { "Il_Adi": "ÇANAKKALE", "Ilce_Adi": "GÖKÇEADA", "TİPİ": "İLÇE" }, "bbox": [ 25.8861013, 40.189478, 25.8861013, 40.189478 ], "geometry": { "type": "Point", "coordinates": [ 25.8861013, 40.189478 ] } },
{ "type": "Feature", "properties": { "Il_Adi": "ÇANAKKALE", "Ilce_Adi": "LÂPSEKİ", "TİPİ": "İLÇE" }, "bbox": [ 26.6976021, 40.3375695, 26.6976021, 40.3375695 ], "geometry": { "type": "Point", "coordinates": [ 26.6976021, 40.3375695 ] } },
{ "type": "Feature", "properties": { "Il_Adi": "ÇANAKKALE", "Ilce_Adi": "YENİCE", "TİPİ": "İLÇE" }, "bbox": [ 27.2574551, 39.9291409, 27.2574551, 39.9291409 ], "geometry": { "type": "Point", "coordinates": [ 27.2574551, 39.9291409 ] } },
{ "type": "Feature", "properties": { "Il_Adi": "ÇANKIRI", "Ilce_Adi": "ATKARACALAR", "TİPİ": "İLÇE" }, "bbox": [ 33.0749524, 40.8146578, 33.0749524, 40.8146578 ], "geometry": { "type": "Point", "coordinates": [ 33.0749524, 40.8146578 ] } },
{ "type": "Feature", "properties": { "Il_Adi": "ÇANKIRI", "Ilce_Adi": "BAYRAMÖREN", "TİPİ": "İLÇE" }, "bbox": [ 33.2575008, 40.9383672, 33.2575008, 40.9383672 ], "geometry": { "type": "Point", "coordinates": [ 33.2575008, 40.9383672 ] } },
{ "type": "Feature", "properties": { "Il_Adi": "ÇANKIRI", "Ilce_Adi": "ÇERKEŞ", "TİPİ": "İLÇE" }, "bbox": [ 32.8900378, 40.8187442, 32.8900378, 40.8187442 ], "geometry": { "type": "Point", "coordinates": [ 32.8900378, 40.8187442 ] } },
{ "type": "Feature", "properties": { "Il_Adi": "ÇANKIRI", "Ilce_Adi": "ELDİVAN", "TİPİ": "İLÇE" }, "bbox": [ 33.4961394, 40.5301132, 33.4961394, 40.5301132 ], "geometry": { "type": "Point", "coordinates": [ 33.4961394, 40.5301132 ] } },
{ "type": "Feature", "properties": { "Il_Adi": "ÇANKIRI", "Ilce_Adi": "ILGAZ", "TİPİ": "İLÇE" }, "bbox": [ 33.6277057, 40.9249483, 33.6277057, 40.9249483 ], "geometry": { "type": "Point", "coordinates": [ 33.6277057, 40.9249483 ] } },
{ "type": "Feature", "properties": { "Il_Adi": "ÇANKIRI", "Ilce_Adi": "KIZILIRMAK", "TİPİ": "İLÇE" }, "bbox": [ 33.986982, 40.3472364, 33.986982, 40.3472364 ], "geometry": { "type": "Point", "coordinates": [ 33.986982, 40.3472364 ] } },
{ "type": "Feature", "properties": { "Il_Adi": "ÇANKIRI", "Ilce_Adi": "KORGUN", "TİPİ": "İLÇE" }, "bbox": [ 33.5149315, 40.7343899, 33.5149315, 40.7343899 ], "geometry": { "type": "Point", "coordinates": [ 33.5149315, 40.7343899 ] } },
{ "type": "Feature", "properties": { "Il_Adi": "ÇANKIRI", "Ilce_Adi": "KURŞUNLU", "TİPİ": "İLÇE" }, "bbox": [ 33.2603853, 40.841684, 33.2603853, 40.841684 ], "geometry": { "type": "Point", "coordinates": [ 33.2603853, 40.841684 ] } },
{ "type": "Feature", "properties": { "Il_Adi": "ÇANKIRI", "Ilce_Adi": "ORTA", "TİPİ": "İLÇE" }, "bbox": [ 33.1054868, 40.6284256, 33.1054868, 40.6284256 ], "geometry": { "type": "Point", "coordinates": [ 33.1054868, 40.6284256 ] } },
{ "type": "Feature", "properties": { "Il_Adi": "ÇANKIRI", "Ilce_Adi": "ŞABANÖZÜ", "TİPİ": "İLÇE" }, "bbox": [ 33.2822385, 40.4830861, 33.2822385, 40.4830861 ], "geometry": { "type": "Point", "coordinates": [ 33.2822385, 40.4830861 ] } },
{ "type": "Feature", "properties": { "Il_Adi": "ÇANKIRI", "Ilce_Adi": "YAPRAKLI", "TİPİ": "İLÇE" }, "bbox": [ 33.779515, 40.755878, 33.779515, 40.755878 ], "geometry": { "type": "Point", "coordinates": [ 33.779515, 40.755878 ] } },
{ "type": "Feature", "properties": { "Il_Adi": "ÇORUM", "Ilce_Adi": "ALACA", "TİPİ": "İLÇE" }, "bbox": [ 34.8334384, 40.1743564, 34.8334384, 40.1743564 ], "geometry": { "type": "Point", "coordinates": [ 34.8334384, 40.1743564 ] } },
{ "type": "Feature", "properties": { "Il_Adi": "ÇORUM", "Ilce_Adi": "BAYAT", "TİPİ": "İLÇE" }, "bbox": [ 34.2580323, 40.6441431, 34.2580323, 40.6441431 ], "geometry": { "type": "Point", "coordinates": [ 34.2580323, 40.6441431 ] } },
{ "type": "Feature", "properties": { "Il_Adi": "ÇORUM", "Ilce_Adi": "BOĞAZKALE", "TİPİ": "İLÇE" }, "bbox": [ 34.5967818, 40.0218295, 34.5967818, 40.0218295 ], "geometry": { "type": "Point", "coordinates": [ 34.5967818, 40.0218295 ] } },
{ "type": "Feature", "properties": { "Il_Adi": "ÇORUM", "Ilce_Adi": "DODURGA", "TİPİ": "İLÇE" }, "bbox": [ 34.8124291, 40.8573265, 34.8124291, 40.8573265 ], "geometry": { "type": "Point", "coordinates": [ 34.8124291, 40.8573265 ] } },
{ "type": "Feature", "properties": { "Il_Adi": "ÇORUM", "Ilce_Adi": "İSKİLİP", "TİPİ": "İLÇE" }, "bbox": [ 34.4722426, 40.7316927, 34.4722426, 40.7316927 ], "geometry": { "type": "Point", "coordinates": [ 34.4722426, 40.7316927 ] } },
{ "type": "Feature", "properties": { "Il_Adi": "ÇORUM", "Ilce_Adi": "KARGI", "TİPİ": "İLÇE" }, "bbox": [ 34.4854065, 41.1355268, 34.4854065, 41.1355268 ], "geometry": { "type": "Point", "coordinates": [ 34.4854065, 41.1355268 ] } },
{ "type": "Feature", "properties": { "Il_Adi": "ÇORUM", "Ilce_Adi": "LÂÇİN", "TİPİ": "İLÇE" }, "bbox": [ 34.8811631, 40.7748852, 34.8811631, 40.7748852 ], "geometry": { "type": "Point", "coordinates": [ 34.8811631, 40.7748852 ] } },
{ "type": "Feature", "properties": { "Il_Adi": "ÇORUM", "Ilce_Adi": "MECİTÖZÜ", "TİPİ": "İLÇE" }, "bbox": [ 35.2935633, 40.5256777, 35.2935633, 40.5256777 ], "geometry": { "type": "Point", "coordinates": [ 35.2935633, 40.5256777 ] } },
{ "type": "Feature", "properties": { "Il_Adi": "ÇORUM", "Ilce_Adi": "OĞUZLAR", "TİPİ": "İLÇE" }, "bbox": [ 34.7026433, 40.7536066, 34.7026433, 40.7536066 ], "geometry": { "type": "Point", "coordinates": [ 34.7026433, 40.7536066 ] } },
{ "type": "Feature", "properties": { "Il_Adi": "ÇORUM", "Ilce_Adi": "ORTAKÖY", "TİPİ": "İLÇE" }, "bbox": [ 35.2461989, 40.2679941, 35.2461989, 40.2679941 ], "geometry": { "type": "Point", "coordinates": [ 35.2461989, 40.2679941 ] } },
{ "type": "Feature", "properties": { "Il_Adi": "ÇORUM", "Ilce_Adi": "OSMANCIK", "TİPİ": "İLÇE" }, "bbox": [ 34.800764, 40.9783929, 34.800764, 40.9783929 ], "geometry": { "type": "Point", "coordinates": [ 34.800764, 40.9783929 ] } },
{ "type": "Feature", "properties": { "Il_Adi": "ÇORUM", "Ilce_Adi": "SUNGURLU", "TİPİ": "İLÇE" }, "bbox": [ 34.3765318, 40.1639784, 34.3765318, 40.1639784 ], "geometry": { "type": "Point", "coordinates": [ 34.3765318, 40.1639784 ] } },
{ "type": "Feature", "properties": { "Il_Adi": "ÇORUM", "Ilce_Adi": "UĞURLUDAĞ", "TİPİ": "İLÇE" }, "bbox": [ 34.4529919, 40.4447493, 34.4529919, 40.4447493 ], "geometry": { "type": "Point", "coordinates": [ 34.4529919, 40.4447493 ] } },
{ "type": "Feature", "properties": { "Il_Adi": "DENİZLİ", "Ilce_Adi": "ACIPAYAM", "TİPİ": "İLÇE" }, "bbox": [ 29.3507626, 37.4275706, 29.3507626, 37.4275706 ], "geometry": { "type": "Point", "coordinates": [ 29.3507626, 37.4275706 ] } },
{ "type": "Feature", "properties": { "Il_Adi": "DENİZLİ", "Ilce_Adi": "BABADAĞ", "TİPİ": "İLÇE" }, "bbox": [ 28.8568099, 37.809924, 28.8568099, 37.809924 ], "geometry": { "type": "Point", "coordinates": [ 28.8568099, 37.809924 ] } },
{ "type": "Feature", "properties": { "Il_Adi": "DENİZLİ", "Ilce_Adi": "BAKLAN", "TİPİ": "İLÇE" }, "bbox": [ 29.6078552, 37.9781531, 29.6078552, 37.9781531 ], "geometry": { "type": "Point", "coordinates": [ 29.6078552, 37.9781531 ] } },
{ "type": "Feature", "properties": { "Il_Adi": "DENİZLİ", "Ilce_Adi": "BEKİLLİ", "TİPİ": "İLÇE" }, "bbox": [ 29.4192845, 38.232235, 29.4192845, 38.232235 ], "geometry": { "type": "Point", "coordinates": [ 29.4192845, 38.232235 ] } },
{ "type": "Feature", "properties": { "Il_Adi": "DENİZLİ", "Ilce_Adi": "BEYAĞAÇ", "TİPİ": "İLÇE" }, "bbox": [ 28.8967341, 37.2356541, 28.8967341, 37.2356541 ], "geometry": { "type": "Point", "coordinates": [ 28.8967341, 37.2356541 ] } },
{ "type": "Feature", "properties": { "Il_Adi": "DENİZLİ", "Ilce_Adi": "BOZKURT", "TİPİ": "İLÇE" }, "bbox": [ 29.603139, 37.828289, 29.603139, 37.828289 ], "geometry": { "type": "Point", "coordinates": [ 29.603139, 37.828289 ] } },
{ "type": "Feature", "properties": { "Il_Adi": "DENİZLİ", "Ilce_Adi": "BULDAN", "TİPİ": "İLÇE" }, "bbox": [ 28.8342456, 38.0450368, 28.8342456, 38.0450368 ], "geometry": { "type": "Point", "coordinates": [ 28.8342456, 38.0450368 ] } },
{ "type": "Feature", "properties": { "Il_Adi": "DENİZLİ", "Ilce_Adi": "ÇAL", "TİPİ": "İLÇE" }, "bbox": [ 29.3979081, 38.0855281, 29.3979081, 38.0855281 ], "geometry": { "type": "Point", "coordinates": [ 29.3979081, 38.0855281 ] } },
{ "type": "Feature", "properties": { "Il_Adi": "DENİZLİ", "Ilce_Adi": "ÇAMELİ", "TİPİ": "İLÇE" }, "bbox": [ 29.3472169, 37.0775224, 29.3472169, 37.0775224 ], "geometry": { "type": "Point", "coordinates": [ 29.3472169, 37.0775224 ] } },
{ "type": "Feature", "properties": { "Il_Adi": "DENİZLİ", "Ilce_Adi": "ÇARDAK", "TİPİ": "İLÇE" }, "bbox": [ 29.6734306, 37.8244027, 29.6734306, 37.8244027 ], "geometry": { "type": "Point", "coordinates": [ 29.6734306, 37.8244027 ] } },
{ "type": "Feature", "properties": { "Il_Adi": "DENİZLİ", "Ilce_Adi": "ÇİVRİL", "TİPİ": "İLÇE" }, "bbox": [ 29.7327473, 38.2936406, 29.7327473, 38.2936406 ], "geometry": { "type": "Point", "coordinates": [ 29.7327473, 38.2936406 ] } },
{ "type": "Feature", "properties": { "Il_Adi": "DENİZLİ", "Ilce_Adi": "GÜNEY", "TİPİ": "İLÇE" }, "bbox": [ 29.0542914, 38.1543059, 29.0542914, 38.1543059 ], "geometry": { "type": "Point", "coordinates": [ 29.0542914, 38.1543059 ] } },
{ "type": "Feature", "properties": { "Il_Adi": "DENİZLİ", "Ilce_Adi": "HONAZ", "TİPİ": "İLÇE" }, "bbox": [ 29.2700807, 37.7555522, 29.2700807, 37.7555522 ], "geometry": { "type": "Point", "coordinates": [ 29.2700807, 37.7555522 ] } },
{ "type": "Feature", "properties": { "Il_Adi": "DENİZLİ", "Ilce_Adi": "KALE", "TİPİ": "İLÇE" }, "bbox": [ 28.8454594, 37.4437558, 28.8454594, 37.4437558 ], "geometry": { "type": "Point", "coordinates": [ 28.8454594, 37.4437558 ] } },
{ "type": "Feature", "properties": { "Il_Adi": "DENİZLİ", "Ilce_Adi": "SARAYKÖY", "TİPİ": "İLÇE" }, "bbox": [ 28.9245155, 37.9237379, 28.9245155, 37.9237379 ], "geometry": { "type": "Point", "coordinates": [ 28.9245155, 37.9237379 ] } },
{ "type": "Feature", "properties": { "Il_Adi": "DENİZLİ", "Ilce_Adi": "SERİNHİSAR", "TİPİ": "İLÇE" }, "bbox": [ 29.2649969, 37.5810951, 29.2649969, 37.5810951 ], "geometry": { "type": "Point", "coordinates": [ 29.2649969, 37.5810951 ] } },
{ "type": "Feature", "properties": { "Il_Adi": "DENİZLİ", "Ilce_Adi": "TAVAS", "TİPİ": "İLÇE" }, "bbox": [ 29.0683074, 37.5729937, 29.0683074, 37.5729937 ], "geometry": { "type": "Point", "coordinates": [ 29.0683074, 37.5729937 ] } },
{ "type": "Feature", "properties": { "Il_Adi": "DİYARBAKIR", "Ilce_Adi": "BAĞLAR", "TİPİ": "İLÇE" }, "bbox": [ 40.1571749, 37.9164092, 40.1571749, 37.9164092 ], "geometry": { "type": "Point", "coordinates": [ 40.1571749, 37.9164092 ] } },
{ "type": "Feature", "properties": { "Il_Adi": "DİYARBAKIR", "Ilce_Adi": "SUR", "TİPİ": "İLÇE" }, "bbox": [ 40.2408002, 37.8766576, 40.2408002, 37.8766576 ], "geometry": { "type": "Point", "coordinates": [ 40.2408002, 37.8766576 ] } },
{ "type": "Feature", "properties": { "Il_Adi": "DİYARBAKIR", "Ilce_Adi": "YENİŞEHİR", "TİPİ": "İLÇE" }, "bbox": [ 40.2378289, 37.9310088, 40.2378289, 37.9310088 ], "geometry": { "type": "Point", "coordinates": [ 40.2378289, 37.9310088 ] } },
{ "type": "Feature", "properties": { "Il_Adi": "DİYARBAKIR", "Ilce_Adi": "BİSMİL", "TİPİ": "İLÇE" }, "bbox": [ 40.6593052, 37.8451422, 40.6593052, 37.8451422 ], "geometry": { "type": "Point", "coordinates": [ 40.6593052, 37.8451422 ] } },
{ "type": "Feature", "properties": { "Il_Adi": "DİYARBAKIR", "Ilce_Adi": "ÇERMİK", "TİPİ": "İLÇE" }, "bbox": [ 39.4450032, 38.1353839, 39.4450032, 38.1353839 ], "geometry": { "type": "Point", "coordinates": [ 39.4450032, 38.1353839 ] } },
{ "type": "Feature", "properties": { "Il_Adi": "DİYARBAKIR", "Ilce_Adi": "ÇINAR", "TİPİ": "İLÇE" }, "bbox": [ 40.4183732, 37.7227407, 40.4183732, 37.7227407 ], "geometry": { "type": "Point", "coordinates": [ 40.4183732, 37.7227407 ] } },
{ "type": "Feature", "properties": { "Il_Adi": "DİYARBAKIR", "Ilce_Adi": "ÇÜNGÜŞ", "TİPİ": "İLÇE" }, "bbox": [ 39.2878559, 38.2122123, 39.2878559, 38.2122123 ], "geometry": { "type": "Point", "coordinates": [ 39.2878559, 38.2122123 ] } },
{ "type": "Feature", "properties": { "Il_Adi": "DİYARBAKIR", "Ilce_Adi": "DİCLE", "TİPİ": "İLÇE" }, "bbox": [ 40.0789636, 38.3655946, 40.0789636, 38.3655946 ], "geometry": { "type": "Point", "coordinates": [ 40.0789636, 38.3655946 ] } },
{ "type": "Feature", "properties": { "Il_Adi": "DİYARBAKIR", "Ilce_Adi": "EĞİL", "TİPİ": "İLÇE" }, "bbox": [ 40.0807012, 38.2527751, 40.0807012, 38.2527751 ], "geometry": { "type": "Point", "coordinates": [ 40.0807012, 38.2527751 ] } },
{ "type": "Feature", "properties": { "Il_Adi": "DİYARBAKIR", "Ilce_Adi": "ERGANİ", "TİPİ": "İLÇE" }, "bbox": [ 39.7544566, 38.2689864, 39.7544566, 38.2689864 ], "geometry": { "type": "Point", "coordinates": [ 39.7544566, 38.2689864 ] } },
{ "type": "Feature", "properties": { "Il_Adi": "DİYARBAKIR", "Ilce_Adi": "HANİ", "TİPİ": "İLÇE" }, "bbox": [ 40.3989919, 38.4042503, 40.3989919, 38.4042503 ], "geometry": { "type": "Point", "coordinates": [ 40.3989919, 38.4042503 ] } },
{ "type": "Feature", "properties": { "Il_Adi": "DİYARBAKIR", "Ilce_Adi": "HAZRO", "TİPİ": "İLÇE" }, "bbox": [ 40.7821081, 38.253557, 40.7821081, 38.253557 ], "geometry": { "type": "Point", "coordinates": [ 40.7821081, 38.253557 ] } },
{ "type": "Feature", "properties": { "Il_Adi": "DİYARBAKIR", "Ilce_Adi": "KOCAKÖY", "TİPİ": "İLÇE" }, "bbox": [ 40.497861, 38.2888853, 40.497861, 38.2888853 ], "geometry": { "type": "Point", "coordinates": [ 40.497861, 38.2888853 ] } },
{ "type": "Feature", "properties": { "Il_Adi": "DİYARBAKIR", "Ilce_Adi": "KULP", "TİPİ": "İLÇE" }, "bbox": [ 41.0066782, 38.4975422, 41.0066782, 38.4975422 ], "geometry": { "type": "Point", "coordinates": [ 41.0066782, 38.4975422 ] } },
{ "type": "Feature", "properties": { "Il_Adi": "DİYARBAKIR", "Ilce_Adi": "LİCE", "TİPİ": "İLÇE" }, "bbox": [ 40.6400183, 38.4533741, 40.6400183, 38.4533741 ], "geometry": { "type": "Point", "coordinates": [ 40.6400183, 38.4533741 ] } },
{ "type": "Feature", "properties": { "Il_Adi": "DİYARBAKIR", "Ilce_Adi": "SİLVAN", "TİPİ": "İLÇE" }, "bbox": [ 41.0086992, 38.1434067, 41.0086992, 38.1434067 ], "geometry": { "type": "Point", "coordinates": [ 41.0086992, 38.1434067 ] } },
{ "type": "Feature", "properties": { "Il_Adi": "DİYARBAKIR", "Ilce_Adi": "KAYAPINAR", "TİPİ": "İLÇE" }, "bbox": [ 40.1767248, 37.9367341, 40.1767248, 37.9367341 ], "geometry": { "type": "Point", "coordinates": [ 40.1767248, 37.9367341 ] } },
{ "type": "Feature", "properties": { "Il_Adi": "EDİRNE", "Ilce_Adi": "ENEZ", "TİPİ": "İLÇE" }, "bbox": [ 26.1082434, 40.7152055, 26.1082434, 40.7152055 ], "geometry": { "type": "Point", "coordinates": [ 26.1082434, 40.7152055 ] } },
{ "type": "Feature", "properties": { "Il_Adi": "EDİRNE", "Ilce_Adi": "HAVSA", "TİPİ": "İLÇE" }, "bbox": [ 26.8201468, 41.5507952, 26.8201468, 41.5507952 ], "geometry": { "type": "Point", "coordinates": [ 26.8201468, 41.5507952 ] } },
{ "type": "Feature", "properties": { "Il_Adi": "EDİRNE", "Ilce_Adi": "İPSALA", "TİPİ": "İLÇE" }, "bbox": [ 26.3824872, 40.9187502, 26.3824872, 40.9187502 ], "geometry": { "type": "Point", "coordinates": [ 26.3824872, 40.9187502 ] } },
{ "type": "Feature", "properties": { "Il_Adi": "EDİRNE", "Ilce_Adi": "KEŞAN", "TİPİ": "İLÇE" }, "bbox": [ 26.6304148, 40.856562, 26.6304148, 40.856562 ], "geometry": { "type": "Point", "coordinates": [ 26.6304148, 40.856562 ] } },
{ "type": "Feature", "properties": { "Il_Adi": "EDİRNE", "Ilce_Adi": "LALAPAŞA", "TİPİ": "İLÇE" }, "bbox": [ 26.7229921, 41.838822, 26.7229921, 41.838822 ], "geometry": { "type": "Point", "coordinates": [ 26.7229921, 41.838822 ] } },
{ "type": "Feature", "properties": { "Il_Adi": "EDİRNE", "Ilce_Adi": "MERİÇ", "TİPİ": "İLÇE" }, "bbox": [ 26.4157252, 41.1891581, 26.4157252, 41.1891581 ], "geometry": { "type": "Point", "coordinates": [ 26.4157252, 41.1891581 ] } },
{ "type": "Feature", "properties": { "Il_Adi": "EDİRNE", "Ilce_Adi": "SÜLOĞLU", "TİPİ": "İLÇE" }, "bbox": [ 26.9037568, 41.767062, 26.9037568, 41.767062 ], "geometry": { "type": "Point", "coordinates": [ 26.9037568, 41.767062 ] } },
{ "type": "Feature", "properties": { "Il_Adi": "EDİRNE", "Ilce_Adi": "UZUNKÖPRÜ", "TİPİ": "İLÇE" }, "bbox": [ 26.6852097, 41.2590672, 26.6852097, 41.2590672 ], "geometry": { "type": "Point", "coordinates": [ 26.6852097, 41.2590672 ] } },
{ "type": "Feature", "properties": { "Il_Adi": "ELAZIĞ", "Ilce_Adi": "AĞIN", "TİPİ": "İLÇE" }, "bbox": [ 38.7143941, 38.9457932, 38.7143941, 38.9457932 ], "geometry": { "type": "Point", "coordinates": [ 38.7143941, 38.9457932 ] } },
{ "type": "Feature", "properties": { "Il_Adi": "ELAZIĞ", "Ilce_Adi": "ALACAKAYA", "TİPİ": "İLÇE" }, "bbox": [ 39.8625162, 38.4617367, 39.8625162, 38.4617367 ], "geometry": { "type": "Point", "coordinates": [ 39.8625162, 38.4617367 ] } },
{ "type": "Feature", "properties": { "Il_Adi": "ELAZIĞ", "Ilce_Adi": "ARICAK", "TİPİ": "İLÇE" }, "bbox": [ 40.1385258, 38.5571565, 40.1385258, 38.5571565 ], "geometry": { "type": "Point", "coordinates": [ 40.1385258, 38.5571565 ] } },
{ "type": "Feature", "properties": { "Il_Adi": "ELAZIĞ", "Ilce_Adi": "BASKİL", "TİPİ": "İLÇE" }, "bbox": [ 38.824133, 38.5752021, 38.824133, 38.5752021 ], "geometry": { "type": "Point", "coordinates": [ 38.824133, 38.5752021 ] } },
{ "type": "Feature", "properties": { "Il_Adi": "ELAZIĞ", "Ilce_Adi": "KARAKOÇAN", "TİPİ": "İLÇE" }, "bbox": [ 40.0381073, 38.9545922, 40.0381073, 38.9545922 ], "geometry": { "type": "Point", "coordinates": [ 40.0381073, 38.9545922 ] } },
{ "type": "Feature", "properties": { "Il_Adi": "ELAZIĞ", "Ilce_Adi": "KEBAN", "TİPİ": "İLÇE" }, "bbox": [ 38.7351649, 38.7937982, 38.7351649, 38.7937982 ], "geometry": { "type": "Point", "coordinates": [ 38.7351649, 38.7937982 ] } },
{ "type": "Feature", "properties": { "Il_Adi": "ELAZIĞ", "Ilce_Adi": "KOVANCILAR", "TİPİ": "İLÇE" }, "bbox": [ 39.8727144, 38.7208014, 39.8727144, 38.7208014 ], "geometry": { "type": "Point", "coordinates": [ 39.8727144, 38.7208014 ] } },
{ "type": "Feature", "properties": { "Il_Adi": "ELAZIĞ", "Ilce_Adi": "MADEN", "TİPİ": "İLÇE" }, "bbox": [ 39.6687385, 38.3918076, 39.6687385, 38.3918076 ], "geometry": { "type": "Point", "coordinates": [ 39.6687385, 38.3918076 ] } },
{ "type": "Feature", "properties": { "Il_Adi": "ELAZIĞ", "Ilce_Adi": "PALU", "TİPİ": "İLÇE" }, "bbox": [ 39.9198424, 38.691354, 39.9198424, 38.691354 ], "geometry": { "type": "Point", "coordinates": [ 39.9198424, 38.691354 ] } },
{ "type": "Feature", "properties": { "Il_Adi": "ELAZIĞ", "Ilce_Adi": "SİVRİCE", "TİPİ": "İLÇE" }, "bbox": [ 39.3052182, 38.4413461, 39.3052182, 38.4413461 ], "geometry": { "type": "Point", "coordinates": [ 39.3052182, 38.4413461 ] } },
{ "type": "Feature", "properties": { "Il_Adi": "ERZİNCAN", "Ilce_Adi": "ÇAYIRLI", "TİPİ": "İLÇE" }, "bbox": [ 40.036163, 39.8038471, 40.036163, 39.8038471 ], "geometry": { "type": "Point", "coordinates": [ 40.036163, 39.8038471 ] } },
{ "type": "Feature", "properties": { "Il_Adi": "ERZİNCAN", "Ilce_Adi": "İLİÇ", "TİPİ": "İLÇE" }, "bbox": [ 38.564121, 39.4562521, 38.564121, 39.4562521 ], "geometry": { "type": "Point", "coordinates": [ 38.564121, 39.4562521 ] } },
{ "type": "Feature", "properties": { "Il_Adi": "ERZİNCAN", "Ilce_Adi": "KEMAH", "TİPİ": "İLÇE" }, "bbox": [ 39.0331958, 39.6012327, 39.0331958, 39.6012327 ], "geometry": { "type": "Point", "coordinates": [ 39.0331958, 39.6012327 ] } },
{ "type": "Feature", "properties": { "Il_Adi": "ERZİNCAN", "Ilce_Adi": "KEMALİYE", "TİPİ": "İLÇE" }, "bbox": [ 38.4957774, 39.2622451, 38.4957774, 39.2622451 ], "geometry": { "type": "Point", "coordinates": [ 38.4957774, 39.2622451 ] } },
{ "type": "Feature", "properties": { "Il_Adi": "ERZİNCAN", "Ilce_Adi": "OTLUKBELİ", "TİPİ": "İLÇE" }, "bbox": [ 40.0222904, 39.9711004, 40.0222904, 39.9711004 ], "geometry": { "type": "Point", "coordinates": [ 40.0222904, 39.9711004 ] } },
{ "type": "Feature", "properties": { "Il_Adi": "ERZİNCAN", "Ilce_Adi": "REFAHİYE", "TİPİ": "İLÇE" }, "bbox": [ 38.7677933, 39.8999631, 38.7677933, 39.8999631 ], "geometry": { "type": "Point", "coordinates": [ 38.7677933, 39.8999631 ] } },
{ "type": "Feature", "properties": { "Il_Adi": "ERZİNCAN", "Ilce_Adi": "TERCAN", "TİPİ": "İLÇE" }, "bbox": [ 40.386669, 39.7781138, 40.386669, 39.7781138 ], "geometry": { "type": "Point", "coordinates": [ 40.386669, 39.7781138 ] } },
{ "type": "Feature", "properties": { "Il_Adi": "ERZİNCAN", "Ilce_Adi": "ÜZÜMLÜ", "TİPİ": "İLÇE" }, "bbox": [ 39.7016471, 39.7045384, 39.7016471, 39.7045384 ], "geometry": { "type": "Point", "coordinates": [ 39.7016471, 39.7045384 ] } },
{ "type": "Feature", "properties": { "Il_Adi": "ERZURUM", "Ilce_Adi": "YAKUTİYE", "TİPİ": "İLÇE" }, "bbox": [ 41.2472362, 39.923, 41.2472362, 39.923 ], "geometry": { "type": "Point", "coordinates": [ 41.2472362, 39.923 ] } },
{ "type": "Feature", "properties": { "Il_Adi": "ERZURUM", "Ilce_Adi": "PALANDÖKEN", "TİPİ": "İLÇE" }, "bbox": [ 41.2457811, 39.8820627, 41.2457811, 39.8820627 ], "geometry": { "type": "Point", "coordinates": [ 41.2457811, 39.8820627 ] } },
{ "type": "Feature", "properties": { "Il_Adi": "ERZURUM", "Ilce_Adi": "AŞKALE", "TİPİ": "İLÇE" }, "bbox": [ 40.6920246, 39.9213653, 40.6920246, 39.9213653 ], "geometry": { "type": "Point", "coordinates": [ 40.6920246, 39.9213653 ] } },
{ "type": "Feature", "properties": { "Il_Adi": "ERZURUM", "Ilce_Adi": "ÇAT", "TİPİ": "İLÇE" }, "bbox": [ 40.976837, 39.6118972, 40.976837, 39.6118972 ], "geometry": { "type": "Point", "coordinates": [ 40.976837, 39.6118972 ] } },
{ "type": "Feature", "properties": { "Il_Adi": "ERZURUM", "Ilce_Adi": "HINIS", "TİPİ": "İLÇE" }, "bbox": [ 41.7014189, 39.3676033, 41.7014189, 39.3676033 ], "geometry": { "type": "Point", "coordinates": [ 41.7014189, 39.3676033 ] } },
{ "type": "Feature", "properties": { "Il_Adi": "ERZURUM", "Ilce_Adi": "HORASAN", "TİPİ": "İLÇE" }, "bbox": [ 42.1643889, 40.0459835, 42.1643889, 40.0459835 ], "geometry": { "type": "Point", "coordinates": [ 42.1643889, 40.0459835 ] } },
{ "type": "Feature", "properties": { "Il_Adi": "ERZURUM", "Ilce_Adi": "AZİZİYE", "TİPİ": "İLÇE" }, "bbox": [ 41.1077965, 39.9459013, 41.1077965, 39.9459013 ], "geometry": { "type": "Point", "coordinates": [ 41.1077965, 39.9459013 ] } },
{ "type": "Feature", "properties": { "Il_Adi": "ERZURUM", "Ilce_Adi": "İSPİR", "TİPİ": "İLÇE" }, "bbox": [ 40.9980727, 40.4840336, 40.9980727, 40.4840336 ], "geometry": { "type": "Point", "coordinates": [ 40.9980727, 40.4840336 ] } },
{ "type": "Feature", "properties": { "Il_Adi": "ERZURUM", "Ilce_Adi": "KARAÇOBAN", "TİPİ": "İLÇE" }, "bbox": [ 42.0994323, 39.3553204, 42.0994323, 39.3553204 ], "geometry": { "type": "Point", "coordinates": [ 42.0994323, 39.3553204 ] } },
{ "type": "Feature", "properties": { "Il_Adi": "ERZURUM", "Ilce_Adi": "KARAYAZI", "TİPİ": "İLÇE" }, "bbox": [ 42.145324, 39.7017336, 42.145324, 39.7017336 ], "geometry": { "type": "Point", "coordinates": [ 42.145324, 39.7017336 ] } },
{ "type": "Feature", "properties": { "Il_Adi": "ERZURUM", "Ilce_Adi": "KÖPRÜKÖY", "TİPİ": "İLÇE" }, "bbox": [ 41.8729203, 39.9719739, 41.8729203, 39.9719739 ], "geometry": { "type": "Point", "coordinates": [ 41.8729203, 39.9719739 ] } },
{ "type": "Feature", "properties": { "Il_Adi": "ERZURUM", "Ilce_Adi": "NARMAN", "TİPİ": "İLÇE" }, "bbox": [ 41.8711327, 40.3471861, 41.8711327, 40.3471861 ], "geometry": { "type": "Point", "coordinates": [ 41.8711327, 40.3471861 ] } },
{ "type": "Feature", "properties": { "Il_Adi": "ERZURUM", "Ilce_Adi": "OLTU", "TİPİ": "İLÇE" }, "bbox": [ 41.9976933, 40.5461827, 41.9976933, 40.5461827 ], "geometry": { "type": "Point", "coordinates": [ 41.9976933, 40.5461827 ] } },
{ "type": "Feature", "properties": { "Il_Adi": "ERZURUM", "Ilce_Adi": "OLUR", "TİPİ": "İLÇE" }, "bbox": [ 42.1325687, 40.826908, 42.1325687, 40.826908 ], "geometry": { "type": "Point", "coordinates": [ 42.1325687, 40.826908 ] } },
{ "type": "Feature", "properties": { "Il_Adi": "ERZURUM", "Ilce_Adi": "PASİNLER", "TİPİ": "İLÇE" }, "bbox": [ 41.6741591, 39.9789853, 41.6741591, 39.9789853 ], "geometry": { "type": "Point", "coordinates": [ 41.6741591, 39.9789853 ] } },
{ "type": "Feature", "properties": { "Il_Adi": "ERZURUM", "Ilce_Adi": "PAZARYOLU", "TİPİ": "İLÇE" }, "bbox": [ 40.7738596, 40.4147255, 40.7738596, 40.4147255 ], "geometry": { "type": "Point", "coordinates": [ 40.7738596, 40.4147255 ] } },
{ "type": "Feature", "properties": { "Il_Adi": "ERZURUM", "Ilce_Adi": "ŞENKAYA", "TİPİ": "İLÇE" }, "bbox": [ 42.3360241, 40.5703553, 42.3360241, 40.5703553 ], "geometry": { "type": "Point", "coordinates": [ 42.3360241, 40.5703553 ] } },
{ "type": "Feature", "properties": { "Il_Adi": "ERZURUM", "Ilce_Adi": "TEKMAN", "TİPİ": "İLÇE" }, "bbox": [ 41.5077845, 39.6453376, 41.5077845, 39.6453376 ], "geometry": { "type": "Point", "coordinates": [ 41.5077845, 39.6453376 ] } },
{ "type": "Feature", "properties": { "Il_Adi": "ERZURUM", "Ilce_Adi": "TORTUM", "TİPİ": "İLÇE" }, "bbox": [ 41.5507719, 40.2965999, 41.5507719, 40.2965999 ], "geometry": { "type": "Point", "coordinates": [ 41.5507719, 40.2965999 ] } },
{ "type": "Feature", "properties": { "Il_Adi": "ERZURUM", "Ilce_Adi": "UZUNDERE", "TİPİ": "İLÇE" }, "bbox": [ 41.5466243, 40.5359642, 41.5466243, 40.5359642 ], "geometry": { "type": "Point", "coordinates": [ 41.5466243, 40.5359642 ] } },
{ "type": "Feature", "properties": { "Il_Adi": "ESKİŞEHİR", "Ilce_Adi": "ODUNPAZARI", "TİPİ": "İLÇE" }, "bbox": [ 30.5283596, 39.7538197, 30.5283596, 39.7538197 ], "geometry": { "type": "Point", "coordinates": [ 30.5283596, 39.7538197 ] } },
{ "type": "Feature", "properties": { "Il_Adi": "ESKİŞEHİR", "Ilce_Adi": "TEPEBAŞI", "TİPİ": "İLÇE" }, "bbox": [ 30.5283674, 39.8046338, 30.5283674, 39.8046338 ], "geometry": { "type": "Point", "coordinates": [ 30.5283674, 39.8046338 ] } },
{ "type": "Feature", "properties": { "Il_Adi": "ESKİŞEHİR", "Ilce_Adi": "ALPU", "TİPİ": "İLÇE" }, "bbox": [ 30.9569433, 39.7672841, 30.9569433, 39.7672841 ], "geometry": { "type": "Point", "coordinates": [ 30.9569433, 39.7672841 ] } },
{ "type": "Feature", "properties": { "Il_Adi": "ESKİŞEHİR", "Ilce_Adi": "BEYLİKOVA", "TİPİ": "İLÇE" }, "bbox": [ 31.2054624, 39.6893283, 31.2054624, 39.6893283 ], "geometry": { "type": "Point", "coordinates": [ 31.2054624, 39.6893283 ] } },
{ "type": "Feature", "properties": { "Il_Adi": "ESKİŞEHİR", "Ilce_Adi": "ÇİFTELER", "TİPİ": "İLÇE" }, "bbox": [ 31.0376965, 39.3739848, 31.0376965, 39.3739848 ], "geometry": { "type": "Point", "coordinates": [ 31.0376965, 39.3739848 ] } },
{ "type": "Feature", "properties": { "Il_Adi": "ESKİŞEHİR", "Ilce_Adi": "GÜNYÜZÜ", "TİPİ": "İLÇE" }, "bbox": [ 31.8183576, 39.3830538, 31.8183576, 39.3830538 ], "geometry": { "type": "Point", "coordinates": [ 31.8183576, 39.3830538 ] } },
{ "type": "Feature", "properties": { "Il_Adi": "ESKİŞEHİR", "Ilce_Adi": "HAN", "TİPİ": "İLÇE" }, "bbox": [ 30.8643139, 39.1587535, 30.8643139, 39.1587535 ], "geometry": { "type": "Point", "coordinates": [ 30.8643139, 39.1587535 ] } },
{ "type": "Feature", "properties": { "Il_Adi": "ESKİŞEHİR", "Ilce_Adi": "İNÖNÜ", "TİPİ": "İLÇE" }, "bbox": [ 30.1437548, 39.8166895, 30.1437548, 39.8166895 ], "geometry": { "type": "Point", "coordinates": [ 30.1437548, 39.8166895 ] } },
{ "type": "Feature", "properties": { "Il_Adi": "ESKİŞEHİR", "Ilce_Adi": "MAHMUDİYE", "TİPİ": "İLÇE" }, "bbox": [ 30.9801054, 39.4909752, 30.9801054, 39.4909752 ], "geometry": { "type": "Point", "coordinates": [ 30.9801054, 39.4909752 ] } },
{ "type": "Feature", "properties": { "Il_Adi": "ESKİŞEHİR", "Ilce_Adi": "MİHALGAZİ", "TİPİ": "İLÇE" }, "bbox": [ 30.5772601, 40.0282073, 30.5772601, 40.0282073 ], "geometry": { "type": "Point", "coordinates": [ 30.5772601, 40.0282073 ] } },
{ "type": "Feature", "properties": { "Il_Adi": "ESKİŞEHİR", "Ilce_Adi": "MİHALIÇÇIK", "TİPİ": "İLÇE" }, "bbox": [ 31.4960736, 39.8659896, 31.4960736, 39.8659896 ], "geometry": { "type": "Point", "coordinates": [ 31.4960736, 39.8659896 ] } },
{ "type": "Feature", "properties": { "Il_Adi": "ESKİŞEHİR", "Ilce_Adi": "SARICAKAYA", "TİPİ": "İLÇE" }, "bbox": [ 30.6217392, 40.0397591, 30.6217392, 40.0397591 ], "geometry": { "type": "Point", "coordinates": [ 30.6217392, 40.0397591 ] } },
{ "type": "Feature", "properties": { "Il_Adi": "ESKİŞEHİR", "Ilce_Adi": "SEYİTGAZİ", "TİPİ": "İLÇE" }, "bbox": [ 30.6957695, 39.4465444, 30.6957695, 39.4465444 ], "geometry": { "type": "Point", "coordinates": [ 30.6957695, 39.4465444 ] } },
{ "type": "Feature", "properties": { "Il_Adi": "ESKİŞEHİR", "Ilce_Adi": "SİVRİHİSAR", "TİPİ": "İLÇE" }, "bbox": [ 31.5259908, 39.4418583, 31.5259908, 39.4418583 ], "geometry": { "type": "Point", "coordinates": [ 31.5259908, 39.4418583 ] } },
{ "type": "Feature", "properties": { "Il_Adi": "GAZİANTEP", "Ilce_Adi": "ŞAHİNBEY", "TİPİ": "İLÇE" }, "bbox": [ 37.4104419, 37.0474101, 37.4104419, 37.0474101 ], "geometry": { "type": "Point", "coordinates": [ 37.4104419, 37.0474101 ] } },
{ "type": "Feature", "properties": { "Il_Adi": "GAZİANTEP", "Ilce_Adi": "ŞEHİTKAMİL", "TİPİ": "İLÇE" }, "bbox": [ 37.380028, 37.0796243, 37.380028, 37.0796243 ], "geometry": { "type": "Point", "coordinates": [ 37.380028, 37.0796243 ] } },
{ "type": "Feature", "properties": { "Il_Adi": "GAZİANTEP", "Ilce_Adi": "ARABAN", "TİPİ": "İLÇE" }, "bbox": [ 37.6890178, 37.4259434, 37.6890178, 37.4259434 ], "geometry": { "type": "Point", "coordinates": [ 37.6890178, 37.4259434 ] } },
{ "type": "Feature", "properties": { "Il_Adi": "GAZİANTEP", "Ilce_Adi": "İSLAHİYE", "TİPİ": "İLÇE" }, "bbox": [ 36.6281886, 37.0219077, 36.6281886, 37.0219077 ], "geometry": { "type": "Point", "coordinates": [ 36.6281886, 37.0219077 ] } },
{ "type": "Feature", "properties": { "Il_Adi": "GAZİANTEP", "Ilce_Adi": "KARKAMIŞ", "TİPİ": "İLÇE" }, "bbox": [ 37.9804391, 36.8420759, 37.9804391, 36.8420759 ], "geometry": { "type": "Point", "coordinates": [ 37.9804391, 36.8420759 ] } },
{ "type": "Feature", "properties": { "Il_Adi": "GAZİANTEP", "Ilce_Adi": "NİZİP", "TİPİ": "İLÇE" }, "bbox": [ 37.790523, 36.9978159, 37.790523, 36.9978159 ], "geometry": { "type": "Point", "coordinates": [ 37.790523, 36.9978159 ] } },
{ "type": "Feature", "properties": { "Il_Adi": "GAZİANTEP", "Ilce_Adi": "NURDAĞI", "TİPİ": "İLÇE" }, "bbox": [ 36.7362298, 37.1682128, 36.7362298, 37.1682128 ], "geometry": { "type": "Point", "coordinates": [ 36.7362298, 37.1682128 ] } },
{ "type": "Feature", "properties": { "Il_Adi": "GAZİANTEP", "Ilce_Adi": "OĞUZELİ", "TİPİ": "İLÇE" }, "bbox": [ 37.5143586, 36.9657131, 37.5143586, 36.9657131 ], "geometry": { "type": "Point", "coordinates": [ 37.5143586, 36.9657131 ] } },
{ "type": "Feature", "properties": { "Il_Adi": "GAZİANTEP", "Ilce_Adi": "YAVUZELİ", "TİPİ": "İLÇE" }, "bbox": [ 37.5667935, 37.3163699, 37.5667935, 37.3163699 ], "geometry": { "type": "Point", "coordinates": [ 37.5667935, 37.3163699 ] } },
{ "type": "Feature", "properties": { "Il_Adi": "GİRESUN", "Ilce_Adi": "ALUCRA", "TİPİ": "İLÇE" }, "bbox": [ 38.7655451, 40.3176446, 38.7655451, 40.3176446 ], "geometry": { "type": "Point", "coordinates": [ 38.7655451, 40.3176446 ] } },
{ "type": "Feature", "properties": { "Il_Adi": "GİRESUN", "Ilce_Adi": "BULANCAK", "TİPİ": "İLÇE" }, "bbox": [ 38.2215751, 40.9251845, 38.2215751, 40.9251845 ], "geometry": { "type": "Point", "coordinates": [ 38.2215751, 40.9251845 ] } },
{ "type": "Feature", "properties": { "Il_Adi": "GİRESUN", "Ilce_Adi": "ÇAMOLUK", "TİPİ": "İLÇE" }, "bbox": [ 38.7341301, 40.1345049, 38.7341301, 40.1345049 ], "geometry": { "type": "Point", "coordinates": [ 38.7341301, 40.1345049 ] } },
{ "type": "Feature", "properties": { "Il_Adi": "GİRESUN", "Ilce_Adi": "ÇANAKÇI", "TİPİ": "İLÇE" }, "bbox": [ 39.0089066, 40.9166092, 39.0089066, 40.9166092 ], "geometry": { "type": "Point", "coordinates": [ 39.0089066, 40.9166092 ] } },
{ "type": "Feature", "properties": { "Il_Adi": "GİRESUN", "Ilce_Adi": "DERELİ", "TİPİ": "İLÇE" }, "bbox": [ 38.4607223, 40.7416899, 38.4607223, 40.7416899 ], "geometry": { "type": "Point", "coordinates": [ 38.4607223, 40.7416899 ] } },
{ "type": "Feature", "properties": { "Il_Adi": "GİRESUN", "Ilce_Adi": "DOĞANKENT", "TİPİ": "İLÇE" }, "bbox": [ 38.9153434, 40.8114499, 38.9153434, 40.8114499 ], "geometry": { "type": "Point", "coordinates": [ 38.9153434, 40.8114499 ] } },
{ "type": "Feature", "properties": { "Il_Adi": "GİRESUN", "Ilce_Adi": "ESPİYE", "TİPİ": "İLÇE" }, "bbox": [ 38.6940047, 40.9313549, 38.6940047, 40.9313549 ], "geometry": { "type": "Point", "coordinates": [ 38.6940047, 40.9313549 ] } },
{ "type": "Feature", "properties": { "Il_Adi": "GİRESUN", "Ilce_Adi": "EYNESİL", "TİPİ": "İLÇE" }, "bbox": [ 39.1498194, 41.0501902, 39.1498194, 41.0501902 ], "geometry": { "type": "Point", "coordinates": [ 39.1498194, 41.0501902 ] } },
{ "type": "Feature", "properties": { "Il_Adi": "GİRESUN", "Ilce_Adi": "GÖRELE", "TİPİ": "İLÇE" }, "bbox": [ 38.9962065, 41.0203244, 38.9962065, 41.0203244 ], "geometry": { "type": "Point", "coordinates": [ 38.9962065, 41.0203244 ] } },
{ "type": "Feature", "properties": { "Il_Adi": "GİRESUN", "Ilce_Adi": "GÜCE", "TİPİ": "İLÇE" }, "bbox": [ 38.8082786, 40.8934788, 38.8082786, 40.8934788 ], "geometry": { "type": "Point", "coordinates": [ 38.8082786, 40.8934788 ] } },
{ "type": "Feature", "properties": { "Il_Adi": "GİRESUN", "Ilce_Adi": "KEŞAP", "TİPİ": "İLÇE" }, "bbox": [ 38.5160593, 40.8993024, 38.5160593, 40.8993024 ], "geometry": { "type": "Point", "coordinates": [ 38.5160593, 40.8993024 ] } },
{ "type": "Feature", "properties": { "Il_Adi": "GİRESUN", "Ilce_Adi": "PİRAZİZ", "TİPİ": "İLÇE" }, "bbox": [ 38.1257916, 40.9386447, 38.1257916, 40.9386447 ], "geometry": { "type": "Point", "coordinates": [ 38.1257916, 40.9386447 ] } },
{ "type": "Feature", "properties": { "Il_Adi": "GİRESUN", "Ilce_Adi": "ŞEBİNKARAHİSAR", "TİPİ": "İLÇE" }, "bbox": [ 38.4235541, 40.2883657, 38.4235541, 40.2883657 ], "geometry": { "type": "Point", "coordinates": [ 38.4235541, 40.2883657 ] } },
{ "type": "Feature", "properties": { "Il_Adi": "GİRESUN", "Ilce_Adi": "TİREBOLU", "TİPİ": "İLÇE" }, "bbox": [ 38.820825, 40.9888714, 38.820825, 40.9888714 ], "geometry": { "type": "Point", "coordinates": [ 38.820825, 40.9888714 ] } },
{ "type": "Feature", "properties": { "Il_Adi": "GİRESUN", "Ilce_Adi": "YAĞLIDERE", "TİPİ": "İLÇE" }, "bbox": [ 38.625056, 40.860058, 38.625056, 40.860058 ], "geometry": { "type": "Point", "coordinates": [ 38.625056, 40.860058 ] } },
{ "type": "Feature", "properties": { "Il_Adi": "GÜMÜŞHANE", "Ilce_Adi": "KELKİT", "TİPİ": "İLÇE" }, "bbox": [ 39.4342439, 40.1268216, 39.4342439, 40.1268216 ], "geometry": { "type": "Point", "coordinates": [ 39.4342439, 40.1268216 ] } },
{ "type": "Feature", "properties": { "Il_Adi": "GÜMÜŞHANE", "Ilce_Adi": "KÖSE", "TİPİ": "İLÇE" }, "bbox": [ 39.6522009, 40.2111755, 39.6522009, 40.2111755 ], "geometry": { "type": "Point", "coordinates": [ 39.6522009, 40.2111755 ] } },
{ "type": "Feature", "properties": { "Il_Adi": "GÜMÜŞHANE", "Ilce_Adi": "KÜRTÜN", "TİPİ": "İLÇE" }, "bbox": [ 39.0870033, 40.7017231, 39.0870033, 40.7017231 ], "geometry": { "type": "Point", "coordinates": [ 39.0870033, 40.7017231 ] } },
{ "type": "Feature", "properties": { "Il_Adi": "GÜMÜŞHANE", "Ilce_Adi": "ŞİRAN", "TİPİ": "İLÇE" }, "bbox": [ 39.1174733, 40.1906413, 39.1174733, 40.1906413 ], "geometry": { "type": "Point", "coordinates": [ 39.1174733, 40.1906413 ] } },
{ "type": "Feature", "properties": { "Il_Adi": "GÜMÜŞHANE", "Ilce_Adi": "TORUL", "TİPİ": "İLÇE" }, "bbox": [ 39.3135831, 40.5602487, 39.3135831, 40.5602487 ], "geometry": { "type": "Point", "coordinates": [ 39.3135831, 40.5602487 ] } },
{ "type": "Feature", "properties": { "Il_Adi": "HAKKARİ", "Ilce_Adi": "ÇUKURCA", "TİPİ": "İLÇE" }, "bbox": [ 43.6021178, 37.2565715, 43.6021178, 37.2565715 ], "geometry": { "type": "Point", "coordinates": [ 43.6021178, 37.2565715 ] } },
{ "type": "Feature", "properties": { "Il_Adi": "HAKKARİ", "Ilce_Adi": "ŞEMDİNLİ", "TİPİ": "İLÇE" }, "bbox": [ 44.5762836, 37.3041727, 44.5762836, 37.3041727 ], "geometry": { "type": "Point", "coordinates": [ 44.5762836, 37.3041727 ] } },
{ "type": "Feature", "properties": { "Il_Adi": "HAKKARİ", "Ilce_Adi": "YÜKSEKOVA", "TİPİ": "İLÇE" }, "bbox": [ 44.275334, 37.566191, 44.275334, 37.566191 ], "geometry": { "type": "Point", "coordinates": [ 44.275334, 37.566191 ] } },
{ "type": "Feature", "properties": { "Il_Adi": "HATAY", "Ilce_Adi": "ALTINÖZÜ", "TİPİ": "İLÇE" }, "bbox": [ 36.2485357, 36.1155392, 36.2485357, 36.1155392 ], "geometry": { "type": "Point", "coordinates": [ 36.2485357, 36.1155392 ] } },
{ "type": "Feature", "properties": { "Il_Adi": "HATAY", "Ilce_Adi": "BELEN", "TİPİ": "İLÇE" }, "bbox": [ 36.1933707, 36.4932228, 36.1933707, 36.4932228 ], "geometry": { "type": "Point", "coordinates": [ 36.1933707, 36.4932228 ] } },
{ "type": "Feature", "properties": { "Il_Adi": "HATAY", "Ilce_Adi": "DÖRTYOL", "TİPİ": "İLÇE" }, "bbox": [ 36.2206201, 36.852314, 36.2206201, 36.852314 ], "geometry": { "type": "Point", "coordinates": [ 36.2206201, 36.852314 ] } },
{ "type": "Feature", "properties": { "Il_Adi": "HATAY", "Ilce_Adi": "ERZİN", "TİPİ": "İLÇE" }, "bbox": [ 36.1978052, 36.9559003, 36.1978052, 36.9559003 ], "geometry": { "type": "Point", "coordinates": [ 36.1978052, 36.9559003 ] } },
{ "type": "Feature", "properties": { "Il_Adi": "HATAY", "Ilce_Adi": "HASSA", "TİPİ": "İLÇE" }, "bbox": [ 36.5290979, 36.7993809, 36.5290979, 36.7993809 ], "geometry": { "type": "Point", "coordinates": [ 36.5290979, 36.7993809 ] } },
{ "type": "Feature", "properties": { "Il_Adi": "HATAY", "Ilce_Adi": "İSKENDERUN", "TİPİ": "İLÇE" }, "bbox": [ 36.1830277, 36.5804616, 36.1830277, 36.5804616 ], "geometry": { "type": "Point", "coordinates": [ 36.1830277, 36.5804616 ] } },
{ "type": "Feature", "properties": { "Il_Adi": "HATAY", "Ilce_Adi": "KIRIKHAN", "TİPİ": "İLÇE" }, "bbox": [ 36.3721061, 36.4986395, 36.3721061, 36.4986395 ], "geometry": { "type": "Point", "coordinates": [ 36.3721061, 36.4986395 ] } },
{ "type": "Feature", "properties": { "Il_Adi": "HATAY", "Ilce_Adi": "KUMLU", "TİPİ": "İLÇE" }, "bbox": [ 36.4554092, 36.3646346, 36.4554092, 36.3646346 ], "geometry": { "type": "Point", "coordinates": [ 36.4554092, 36.3646346 ] } },
{ "type": "Feature", "properties": { "Il_Adi": "HATAY", "Ilce_Adi": "REYHANLI", "TİPİ": "İLÇE" }, "bbox": [ 36.573548, 36.2722978, 36.573548, 36.2722978 ], "geometry": { "type": "Point", "coordinates": [ 36.573548, 36.2722978 ] } },
{ "type": "Feature", "properties": { "Il_Adi": "HATAY", "Ilce_Adi": "SAMANDAĞ", "TİPİ": "İLÇE" }, "bbox": [ 35.9785543, 36.0846902, 35.9785543, 36.0846902 ], "geometry": { "type": "Point", "coordinates": [ 35.9785543, 36.0846902 ] } },
{ "type": "Feature", "properties": { "Il_Adi": "HATAY", "Ilce_Adi": "YAYLADAĞI", "TİPİ": "İLÇE" }, "bbox": [ 36.0639677, 35.9023409, 36.0639677, 35.9023409 ], "geometry": { "type": "Point", "coordinates": [ 36.0639677, 35.9023409 ] } },
{ "type": "Feature", "properties": { "Il_Adi": "ISPARTA", "Ilce_Adi": "AKSU", "TİPİ": "İLÇE" }, "bbox": [ 31.0661455, 37.8023756, 31.0661455, 37.8023756 ], "geometry": { "type": "Point", "coordinates": [ 31.0661455, 37.8023756 ] } },
{ "type": "Feature", "properties": { "Il_Adi": "ISPARTA", "Ilce_Adi": "ATABEY", "TİPİ": "İLÇE" }, "bbox": [ 30.6388655, 37.9522794, 30.6388655, 37.9522794 ], "geometry": { "type": "Point", "coordinates": [ 30.6388655, 37.9522794 ] } },
{ "type": "Feature", "properties": { "Il_Adi": "ISPARTA", "Ilce_Adi": "EĞİRDİR", "TİPİ": "İLÇE" }, "bbox": [ 30.8447302, 37.8515039, 30.8447302, 37.8515039 ], "geometry": { "type": "Point", "coordinates": [ 30.8447302, 37.8515039 ] } },
{ "type": "Feature", "properties": { "Il_Adi": "ISPARTA", "Ilce_Adi": "GELENDOST", "TİPİ": "İLÇE" }, "bbox": [ 31.0251793, 38.1169717, 31.0251793, 38.1169717 ], "geometry": { "type": "Point", "coordinates": [ 31.0251793, 38.1169717 ] } },
{ "type": "Feature", "properties": { "Il_Adi": "ISPARTA", "Ilce_Adi": "GÖNEN", "TİPİ": "İLÇE" }, "bbox": [ 30.5118891, 37.9483161, 30.5118891, 37.9483161 ], "geometry": { "type": "Point", "coordinates": [ 30.5118891, 37.9483161 ] } },
{ "type": "Feature", "properties": { "Il_Adi": "ISPARTA", "Ilce_Adi": "KEÇİBORLU", "TİPİ": "İLÇE" }, "bbox": [ 30.3032055, 37.9448798, 30.3032055, 37.9448798 ], "geometry": { "type": "Point", "coordinates": [ 30.3032055, 37.9448798 ] } },
{ "type": "Feature", "properties": { "Il_Adi": "ISPARTA", "Ilce_Adi": "SENİRKENT", "TİPİ": "İLÇE" }, "bbox": [ 30.5476657, 38.1101629, 30.5476657, 38.1101629 ], "geometry": { "type": "Point", "coordinates": [ 30.5476657, 38.1101629 ] } },
{ "type": "Feature", "properties": { "Il_Adi": "ISPARTA", "Ilce_Adi": "SÜTÇÜLER", "TİPİ": "İLÇE" }, "bbox": [ 30.9818932, 37.4959032, 30.9818932, 37.4959032 ], "geometry": { "type": "Point", "coordinates": [ 30.9818932, 37.4959032 ] } },
{ "type": "Feature", "properties": { "Il_Adi": "ISPARTA", "Ilce_Adi": "ŞARKİKARAAĞAÇ", "TİPİ": "İLÇE" }, "bbox": [ 31.3656638, 38.0823969, 31.3656638, 38.0823969 ], "geometry": { "type": "Point", "coordinates": [ 31.3656638, 38.0823969 ] } },
{ "type": "Feature", "properties": { "Il_Adi": "ISPARTA", "Ilce_Adi": "ULUBORLU", "TİPİ": "İLÇE" }, "bbox": [ 30.4486985, 38.0782122, 30.4486985, 38.0782122 ], "geometry": { "type": "Point", "coordinates": [ 30.4486985, 38.0782122 ] } },
{ "type": "Feature", "properties": { "Il_Adi": "ISPARTA", "Ilce_Adi": "YALVAÇ", "TİPİ": "İLÇE" }, "bbox": [ 31.1682112, 38.2920281, 31.1682112, 38.2920281 ], "geometry": { "type": "Point", "coordinates": [ 31.1682112, 38.2920281 ] } },
{ "type": "Feature", "properties": { "Il_Adi": "ISPARTA", "Ilce_Adi": "YENİŞARBADEMLİ", "TİPİ": "İLÇE" }, "bbox": [ 31.388989, 37.7112527, 31.388989, 37.7112527 ], "geometry": { "type": "Point", "coordinates": [ 31.388989, 37.7112527 ] } },
{ "type": "Feature", "properties": { "Il_Adi": "MERSİN", "Ilce_Adi": "AKDENİZ", "TİPİ": "İLÇE" }, "bbox": [ 34.6290348, 36.8040098, 34.6290348, 36.8040098 ], "geometry": { "type": "Point", "coordinates": [ 34.6290348, 36.8040098 ] } },
{ "type": "Feature", "properties": { "Il_Adi": "MERSİN", "Ilce_Adi": "TOROSLAR", "TİPİ": "İLÇE" }, "bbox": [ 34.5900417, 36.8531421, 34.5900417, 36.8531421 ], "geometry": { "type": "Point", "coordinates": [ 34.5900417, 36.8531421 ] } },
{ "type": "Feature", "properties": { "Il_Adi": "MERSİN", "Ilce_Adi": "YENİŞEHİR", "TİPİ": "İLÇE" }, "bbox": [ 34.5789887, 36.7923665, 34.5789887, 36.7923665 ], "geometry": { "type": "Point", "coordinates": [ 34.5789887, 36.7923665 ] } },
{ "type": "Feature", "properties": { "Il_Adi": "MERSİN", "Ilce_Adi": "ANAMUR", "TİPİ": "İLÇE" }, "bbox": [ 32.8419571, 36.0823247, 32.8419571, 36.0823247 ], "geometry": { "type": "Point", "coordinates": [ 32.8419571, 36.0823247 ] } },
{ "type": "Feature", "properties": { "Il_Adi": "MERSİN", "Ilce_Adi": "AYDINCIK", "TİPİ": "İLÇE" }, "bbox": [ 33.3221529, 36.1518477, 33.3221529, 36.1518477 ], "geometry": { "type": "Point", "coordinates": [ 33.3221529, 36.1518477 ] } },
{ "type": "Feature", "properties": { "Il_Adi": "MERSİN", "Ilce_Adi": "BOZYAZI", "TİPİ": "İLÇE" }, "bbox": [ 32.9754776, 36.1160715, 32.9754776, 36.1160715 ], "geometry": { "type": "Point", "coordinates": [ 32.9754776, 36.1160715 ] } },
{ "type": "Feature", "properties": { "Il_Adi": "MERSİN", "Ilce_Adi": "ÇAMLIYAYLA", "TİPİ": "İLÇE" }, "bbox": [ 34.5934436, 37.1600387, 34.5934436, 37.1600387 ], "geometry": { "type": "Point", "coordinates": [ 34.5934436, 37.1600387 ] } },
{ "type": "Feature", "properties": { "Il_Adi": "MERSİN", "Ilce_Adi": "ERDEMLİ", "TİPİ": "İLÇE" }, "bbox": [ 34.3035524, 36.6165795, 34.3035524, 36.6165795 ], "geometry": { "type": "Point", "coordinates": [ 34.3035524, 36.6165795 ] } },
{ "type": "Feature", "properties": { "Il_Adi": "MERSİN", "Ilce_Adi": "GÜLNAR", "TİPİ": "İLÇE" }, "bbox": [ 33.390946, 36.3391748, 33.390946, 36.3391748 ], "geometry": { "type": "Point", "coordinates": [ 33.390946, 36.3391748 ] } },
{ "type": "Feature", "properties": { "Il_Adi": "MERSİN", "Ilce_Adi": "MUT", "TİPİ": "İLÇE" }, "bbox": [ 33.4360506, 36.6398082, 33.4360506, 36.6398082 ], "geometry": { "type": "Point", "coordinates": [ 33.4360506, 36.6398082 ] } },
{ "type": "Feature", "properties": { "Il_Adi": "MERSİN", "Ilce_Adi": "SİLİFKE", "TİPİ": "İLÇE" }, "bbox": [ 33.9252633, 36.3749531, 33.9252633, 36.3749531 ], "geometry": { "type": "Point", "coordinates": [ 33.9252633, 36.3749531 ] } },
{ "type": "Feature", "properties": { "Il_Adi": "MERSİN", "Ilce_Adi": "TARSUS", "TİPİ": "İLÇE" }, "bbox": [ 34.8955884, 36.9129825, 34.8955884, 36.9129825 ], "geometry": { "type": "Point", "coordinates": [ 34.8955884, 36.9129825 ] } },
{ "type": "Feature", "properties": { "Il_Adi": "MERSİN", "Ilce_Adi": "MEZİTLİ", "TİPİ": "İLÇE" }, "bbox": [ 34.5244348, 36.7521103, 34.5244348, 36.7521103 ], "geometry": { "type": "Point", "coordinates": [ 34.5244348, 36.7521103 ] } },
{ "type": "Feature", "properties": { "Il_Adi": "KARS", "Ilce_Adi": "AKYAKA", "TİPİ": "İLÇE" }, "bbox": [ 43.6287876, 40.7427072, 43.6287876, 40.7427072 ], "geometry": { "type": "Point", "coordinates": [ 43.6287876, 40.7427072 ] } },
{ "type": "Feature", "properties": { "Il_Adi": "KARS", "Ilce_Adi": "ARPAÇAY", "TİPİ": "İLÇE" }, "bbox": [ 43.3198294, 40.8460685, 43.3198294, 40.8460685 ], "geometry": { "type": "Point", "coordinates": [ 43.3198294, 40.8460685 ] } },
{ "type": "Feature", "properties": { "Il_Adi": "KARS", "Ilce_Adi": "DİGOR", "TİPİ": "İLÇE" }, "bbox": [ 43.4174805, 40.3815129, 43.4174805, 40.3815129 ], "geometry": { "type": "Point", "coordinates": [ 43.4174805, 40.3815129 ] } },
{ "type": "Feature", "properties": { "Il_Adi": "KARS", "Ilce_Adi": "KAĞIZMAN", "TİPİ": "İLÇE" }, "bbox": [ 43.1076432, 40.1610714, 43.1076432, 40.1610714 ], "geometry": { "type": "Point", "coordinates": [ 43.1076432, 40.1610714 ] } },
{ "type": "Feature", "properties": { "Il_Adi": "KARS", "Ilce_Adi": "SARIKAMIŞ", "TİPİ": "İLÇE" }, "bbox": [ 42.58705, 40.3276896, 42.58705, 40.3276896 ], "geometry": { "type": "Point", "coordinates": [ 42.58705, 40.3276896 ] } },
{ "type": "Feature", "properties": { "Il_Adi": "KARS", "Ilce_Adi": "SELİM", "TİPİ": "İLÇE" }, "bbox": [ 42.7896248, 40.4644028, 42.7896248, 40.4644028 ], "geometry": { "type": "Point", "coordinates": [ 42.7896248, 40.4644028 ] } },
{ "type": "Feature", "properties": { "Il_Adi": "KARS", "Ilce_Adi": "SUSUZ", "TİPİ": "İLÇE" }, "bbox": [ 43.1325911, 40.7821976, 43.1325911, 40.7821976 ], "geometry": { "type": "Point", "coordinates": [ 43.1325911, 40.7821976 ] } },
{ "type": "Feature", "properties": { "Il_Adi": "KASTAMONU", "Ilce_Adi": "ABANA", "TİPİ": "İLÇE" }, "bbox": [ 34.0473779, 41.9657586, 34.0473779, 41.9657586 ], "geometry": { "type": "Point", "coordinates": [ 34.0473779, 41.9657586 ] } },
{ "type": "Feature", "properties": { "Il_Adi": "KASTAMONU", "Ilce_Adi": "AĞLI", "TİPİ": "İLÇE" }, "bbox": [ 33.55383, 41.6871045, 33.55383, 41.6871045 ], "geometry": { "type": "Point", "coordinates": [ 33.55383, 41.6871045 ] } },
{ "type": "Feature", "properties": { "Il_Adi": "KASTAMONU", "Ilce_Adi": "ARAÇ", "TİPİ": "İLÇE" }, "bbox": [ 33.3266537, 41.2426465, 33.3266537, 41.2426465 ], "geometry": { "type": "Point", "coordinates": [ 33.3266537, 41.2426465 ] } },
{ "type": "Feature", "properties": { "Il_Adi": "KASTAMONU", "Ilce_Adi": "AZDAVAY", "TİPİ": "İLÇE" }, "bbox": [ 33.3012846, 41.6419274, 33.3012846, 41.6419274 ], "geometry": { "type": "Point", "coordinates": [ 33.3012846, 41.6419274 ] } },
{ "type": "Feature", "properties": { "Il_Adi": "KASTAMONU", "Ilce_Adi": "BOZKURT", "TİPİ": "İLÇE" }, "bbox": [ 34.0429397, 41.9355009, 34.0429397, 41.9355009 ], "geometry": { "type": "Point", "coordinates": [ 34.0429397, 41.9355009 ] } },
{ "type": "Feature", "properties": { "Il_Adi": "KASTAMONU", "Ilce_Adi": "CİDE", "TİPİ": "İLÇE" }, "bbox": [ 33.0026661, 41.8913653, 33.0026661, 41.8913653 ], "geometry": { "type": "Point", "coordinates": [ 33.0026661, 41.8913653 ] } },
{ "type": "Feature", "properties": { "Il_Adi": "KASTAMONU", "Ilce_Adi": "ÇATALZEYTİN", "TİPİ": "İLÇE" }, "bbox": [ 34.2065931, 41.9401059, 34.2065931, 41.9401059 ], "geometry": { "type": "Point", "coordinates": [ 34.2065931, 41.9401059 ] } },
{ "type": "Feature", "properties": { "Il_Adi": "KASTAMONU", "Ilce_Adi": "DADAY", "TİPİ": "İLÇE" }, "bbox": [ 33.4667613, 41.4769917, 33.4667613, 41.4769917 ], "geometry": { "type": "Point", "coordinates": [ 33.4667613, 41.4769917 ] } },
{ "type": "Feature", "properties": { "Il_Adi": "KASTAMONU", "Ilce_Adi": "DEVREKÂNİ", "TİPİ": "İLÇE" }, "bbox": [ 33.8384597, 41.6017048, 33.8384597, 41.6017048 ], "geometry": { "type": "Point", "coordinates": [ 33.8384597, 41.6017048 ] } },
{ "type": "Feature", "properties": { "Il_Adi": "KASTAMONU", "Ilce_Adi": "DOĞANYURT", "TİPİ": "İLÇE" }, "bbox": [ 33.4643049, 41.9902566, 33.4643049, 41.9902566 ], "geometry": { "type": "Point", "coordinates": [ 33.4643049, 41.9902566 ] } },
{ "type": "Feature", "properties": { "Il_Adi": "KASTAMONU", "Ilce_Adi": "HANÖNÜ", "TİPİ": "İLÇE" }, "bbox": [ 34.4626071, 41.6344604, 34.4626071, 41.6344604 ], "geometry": { "type": "Point", "coordinates": [ 34.4626071, 41.6344604 ] } },
{ "type": "Feature", "properties": { "Il_Adi": "KASTAMONU", "Ilce_Adi": "İHSANGAZİ", "TİPİ": "İLÇE" }, "bbox": [ 33.5542708, 41.2041233, 33.5542708, 41.2041233 ], "geometry": { "type": "Point", "coordinates": [ 33.5542708, 41.2041233 ] } },
{ "type": "Feature", "properties": { "Il_Adi": "KASTAMONU", "Ilce_Adi": "İNEBOLU", "TİPİ": "İLÇE" }, "bbox": [ 33.7512977, 41.9606898, 33.7512977, 41.9606898 ], "geometry": { "type": "Point", "coordinates": [ 33.7512977, 41.9606898 ] } },
{ "type": "Feature", "properties": { "Il_Adi": "KASTAMONU", "Ilce_Adi": "KÜRE", "TİPİ": "İLÇE" }, "bbox": [ 33.7117402, 41.8077573, 33.7117402, 41.8077573 ], "geometry": { "type": "Point", "coordinates": [ 33.7117402, 41.8077573 ] } },
{ "type": "Feature", "properties": { "Il_Adi": "KASTAMONU", "Ilce_Adi": "PINARBAŞI", "TİPİ": "İLÇE" }, "bbox": [ 33.117048, 41.5935465, 33.117048, 41.5935465 ], "geometry": { "type": "Point", "coordinates": [ 33.117048, 41.5935465 ] } },
{ "type": "Feature", "properties": { "Il_Adi": "KASTAMONU", "Ilce_Adi": "SEYDİLER", "TİPİ": "İLÇE" }, "bbox": [ 33.7186557, 41.6193595, 33.7186557, 41.6193595 ], "geometry": { "type": "Point", "coordinates": [ 33.7186557, 41.6193595 ] } },
{ "type": "Feature", "properties": { "Il_Adi": "KASTAMONU", "Ilce_Adi": "ŞENPAZAR", "TİPİ": "İLÇE" }, "bbox": [ 33.2287169, 41.8174417, 33.2287169, 41.8174417 ], "geometry": { "type": "Point", "coordinates": [ 33.2287169, 41.8174417 ] } },
{ "type": "Feature", "properties": { "Il_Adi": "KASTAMONU", "Ilce_Adi": "TAŞKÖPRÜ", "TİPİ": "İLÇE" }, "bbox": [ 34.2270825, 41.5050971, 34.2270825, 41.5050971 ], "geometry": { "type": "Point", "coordinates": [ 34.2270825, 41.5050971 ] } },
{ "type": "Feature", "properties": { "Il_Adi": "KASTAMONU", "Ilce_Adi": "TOSYA", "TİPİ": "İLÇE" }, "bbox": [ 34.0488761, 41.0021645, 34.0488761, 41.0021645 ], "geometry": { "type": "Point", "coordinates": [ 34.0488761, 41.0021645 ] } },
{ "type": "Feature", "properties": { "Il_Adi": "KAYSERİ", "Ilce_Adi": "KOCASİNAN", "TİPİ": "İLÇE" }, "bbox": [ 35.4749099, 38.7485714, 35.4749099, 38.7485714 ], "geometry": { "type": "Point", "coordinates": [ 35.4749099, 38.7485714 ] } },
{ "type": "Feature", "properties": { "Il_Adi": "KAYSERİ", "Ilce_Adi": "MELİKGAZİ", "TİPİ": "İLÇE" }, "bbox": [ 35.4933245, 38.6985737, 35.4933245, 38.6985737 ], "geometry": { "type": "Point", "coordinates": [ 35.4933245, 38.6985737 ] } },
{ "type": "Feature", "properties": { "Il_Adi": "KAYSERİ", "Ilce_Adi": "AKKIŞLA", "TİPİ": "İLÇE" }, "bbox": [ 36.1684707, 39.0023299, 36.1684707, 39.0023299 ], "geometry": { "type": "Point", "coordinates": [ 36.1684707, 39.0023299 ] } },
{ "type": "Feature", "properties": { "Il_Adi": "KAYSERİ", "Ilce_Adi": "BÜNYAN", "TİPİ": "İLÇE" }, "bbox": [ 35.8556551, 38.8549375, 35.8556551, 38.8549375 ], "geometry": { "type": "Point", "coordinates": [ 35.8556551, 38.8549375 ] } },
{ "type": "Feature", "properties": { "Il_Adi": "KAYSERİ", "Ilce_Adi": "DEVELİ", "TİPİ": "İLÇE" }, "bbox": [ 35.4781844, 38.3777557, 35.4781844, 38.3777557 ], "geometry": { "type": "Point", "coordinates": [ 35.4781844, 38.3777557 ] } },
{ "type": "Feature", "properties": { "Il_Adi": "KAYSERİ", "Ilce_Adi": "FELAHİYE", "TİPİ": "İLÇE" }, "bbox": [ 35.569142, 39.0899423, 35.569142, 39.0899423 ], "geometry": { "type": "Point", "coordinates": [ 35.569142, 39.0899423 ] } },
{ "type": "Feature", "properties": { "Il_Adi": "KAYSERİ", "Ilce_Adi": "HACILAR", "TİPİ": "İLÇE" }, "bbox": [ 35.4532635, 38.6464551, 35.4532635, 38.6464551 ], "geometry": { "type": "Point", "coordinates": [ 35.4532635, 38.6464551 ] } },
{ "type": "Feature", "properties": { "Il_Adi": "KAYSERİ", "Ilce_Adi": "İNCESU", "TİPİ": "İLÇE" }, "bbox": [ 35.1856914, 38.6242813, 35.1856914, 38.6242813 ], "geometry": { "type": "Point", "coordinates": [ 35.1856914, 38.6242813 ] } },
{ "type": "Feature", "properties": { "Il_Adi": "KAYSERİ", "Ilce_Adi": "ÖZVATAN", "TİPİ": "İLÇE" }, "bbox": [ 35.7010661, 39.1085807, 35.7010661, 39.1085807 ], "geometry": { "type": "Point", "coordinates": [ 35.7010661, 39.1085807 ] } },
{ "type": "Feature", "properties": { "Il_Adi": "KAYSERİ", "Ilce_Adi": "PINARBAŞI", "TİPİ": "İLÇE" }, "bbox": [ 36.3890839, 38.7198755, 36.3890839, 38.7198755 ], "geometry": { "type": "Point", "coordinates": [ 36.3890839, 38.7198755 ] } },
{ "type": "Feature", "properties": { "Il_Adi": "KAYSERİ", "Ilce_Adi": "SARIOĞLAN", "TİPİ": "İLÇE" }, "bbox": [ 35.9691676, 39.0771017, 35.9691676, 39.0771017 ], "geometry": { "type": "Point", "coordinates": [ 35.9691676, 39.0771017 ] } },
{ "type": "Feature", "properties": { "Il_Adi": "KAYSERİ", "Ilce_Adi": "SARIZ", "TİPİ": "İLÇE" }, "bbox": [ 36.5089687, 38.4731273, 36.5089687, 38.4731273 ], "geometry": { "type": "Point", "coordinates": [ 36.5089687, 38.4731273 ] } },
{ "type": "Feature", "properties": { "Il_Adi": "KAYSERİ", "Ilce_Adi": "TALAS", "TİPİ": "İLÇE" }, "bbox": [ 35.5497171, 38.6934953, 35.5497171, 38.6934953 ], "geometry": { "type": "Point", "coordinates": [ 35.5497171, 38.6934953 ] } },
{ "type": "Feature", "properties": { "Il_Adi": "KAYSERİ", "Ilce_Adi": "TOMARZA", "TİPİ": "İLÇE" }, "bbox": [ 35.8067624, 38.4459266, 35.8067624, 38.4459266 ], "geometry": { "type": "Point", "coordinates": [ 35.8067624, 38.4459266 ] } },
{ "type": "Feature", "properties": { "Il_Adi": "KAYSERİ", "Ilce_Adi": "YAHYALI", "TİPİ": "İLÇE" }, "bbox": [ 35.3592513, 38.0993501, 35.3592513, 38.0993501 ], "geometry": { "type": "Point", "coordinates": [ 35.3592513, 38.0993501 ] } },
{ "type": "Feature", "properties": { "Il_Adi": "KAYSERİ", "Ilce_Adi": "YEŞİLHİSAR", "TİPİ": "İLÇE" }, "bbox": [ 35.0893412, 38.3509149, 35.0893412, 38.3509149 ], "geometry": { "type": "Point", "coordinates": [ 35.0893412, 38.3509149 ] } },
{ "type": "Feature", "properties": { "Il_Adi": "KIRKLARELİ", "Ilce_Adi": "BABAESKİ", "TİPİ": "İLÇE" }, "bbox": [ 27.0918007, 41.4315583, 27.0918007, 41.4315583 ], "geometry": { "type": "Point", "coordinates": [ 27.0918007, 41.4315583 ] } },
{ "type": "Feature", "properties": { "Il_Adi": "KIRKLARELİ", "Ilce_Adi": "DEMİRKÖY", "TİPİ": "İLÇE" }, "bbox": [ 27.7712886, 41.8262252, 27.7712886, 41.8262252 ], "geometry": { "type": "Point", "coordinates": [ 27.7712886, 41.8262252 ] } },
{ "type": "Feature", "properties": { "Il_Adi": "KIRKLARELİ", "Ilce_Adi": "KOFÇAZ", "TİPİ": "İLÇE" }, "bbox": [ 27.1582834, 41.9447138, 27.1582834, 41.9447138 ], "geometry": { "type": "Point", "coordinates": [ 27.1582834, 41.9447138 ] } },
{ "type": "Feature", "properties": { "Il_Adi": "KIRKLARELİ", "Ilce_Adi": "LÜLEBURGAZ", "TİPİ": "İLÇE" }, "bbox": [ 27.3527245, 41.4102468, 27.3527245, 41.4102468 ], "geometry": { "type": "Point", "coordinates": [ 27.3527245, 41.4102468 ] } },
{ "type": "Feature", "properties": { "Il_Adi": "KIRKLARELİ", "Ilce_Adi": "PEHLİVANKÖY", "TİPİ": "İLÇE" }, "bbox": [ 26.9163349, 41.3437382, 26.9163349, 41.3437382 ], "geometry": { "type": "Point", "coordinates": [ 26.9163349, 41.3437382 ] } },
{ "type": "Feature", "properties": { "Il_Adi": "KIRKLARELİ", "Ilce_Adi": "PINARHİSAR", "TİPİ": "İLÇE" }, "bbox": [ 27.5157398, 41.6284208, 27.5157398, 41.6284208 ], "geometry": { "type": "Point", "coordinates": [ 27.5157398, 41.6284208 ] } },
{ "type": "Feature", "properties": { "Il_Adi": "KIRKLARELİ", "Ilce_Adi": "VİZE", "TİPİ": "İLÇE" }, "bbox": [ 27.7677059, 41.5761236, 27.7677059, 41.5761236 ], "geometry": { "type": "Point", "coordinates": [ 27.7677059, 41.5761236 ] } },
{ "type": "Feature", "properties": { "Il_Adi": "KIRŞEHİR", "Ilce_Adi": "AKÇAKENT", "TİPİ": "İLÇE" }, "bbox": [ 34.0960754, 39.6254951, 34.0960754, 39.6254951 ], "geometry": { "type": "Point", "coordinates": [ 34.0960754, 39.6254951 ] } },
{ "type": "Feature", "properties": { "Il_Adi": "KIRŞEHİR", "Ilce_Adi": "AKPINAR", "TİPİ": "İLÇE" }, "bbox": [ 33.9654673, 39.4493327, 33.9654673, 39.4493327 ], "geometry": { "type": "Point", "coordinates": [ 33.9654673, 39.4493327 ] } },
{ "type": "Feature", "properties": { "Il_Adi": "KIRŞEHİR", "Ilce_Adi": "BOZTEPE", "TİPİ": "İLÇE" }, "bbox": [ 34.2614373, 39.266563, 34.2614373, 39.266563 ], "geometry": { "type": "Point", "coordinates": [ 34.2614373, 39.266563 ] } },
{ "type": "Feature", "properties": { "Il_Adi": "KIRŞEHİR", "Ilce_Adi": "ÇİÇEKDAĞI", "TİPİ": "İLÇE" }, "bbox": [ 34.4174556, 39.6044313, 34.4174556, 39.6044313 ], "geometry": { "type": "Point", "coordinates": [ 34.4174556, 39.6044313 ] } },
{ "type": "Feature", "properties": { "Il_Adi": "KIRŞEHİR", "Ilce_Adi": "KAMAN", "TİPİ": "İLÇE" }, "bbox": [ 33.7228014, 39.3594568, 33.7228014, 39.3594568 ], "geometry": { "type": "Point", "coordinates": [ 33.7228014, 39.3594568 ] } },
{ "type": "Feature", "properties": { "Il_Adi": "KIRŞEHİR", "Ilce_Adi": "MUCUR", "TİPİ": "İLÇE" }, "bbox": [ 34.3759286, 39.0629801, 34.3759286, 39.0629801 ], "geometry": { "type": "Point", "coordinates": [ 34.3759286, 39.0629801 ] } },
{ "type": "Feature", "properties": { "Il_Adi": "KOCAELİ", "Ilce_Adi": "İZMİT", "TİPİ": "İLÇE" }, "bbox": [ 29.8733754, 40.7992811, 29.8733754, 40.7992811 ], "geometry": { "type": "Point", "coordinates": [ 29.8733754, 40.7992811 ] } },
{ "type": "Feature", "properties": { "Il_Adi": "KOCAELİ", "Ilce_Adi": "DERİNCE", "TİPİ": "İLÇE" }, "bbox": [ 29.8103534, 40.771532, 29.8103534, 40.771532 ], "geometry": { "type": "Point", "coordinates": [ 29.8103534, 40.771532 ] } },
{ "type": "Feature", "properties": { "Il_Adi": "KOCAELİ", "Ilce_Adi": "GEBZE", "TİPİ": "İLÇE" }, "bbox": [ 29.4241939, 40.8003158, 29.4241939, 40.8003158 ], "geometry": { "type": "Point", "coordinates": [ 29.4241939, 40.8003158 ] } },
{ "type": "Feature", "properties": { "Il_Adi": "KOCAELİ", "Ilce_Adi": "GÖLCÜK", "TİPİ": "İLÇE" }, "bbox": [ 29.7951912, 40.7091078, 29.7951912, 40.7091078 ], "geometry": { "type": "Point", "coordinates": [ 29.7951912, 40.7091078 ] } },
{ "type": "Feature", "properties": { "Il_Adi": "KOCAELİ", "Ilce_Adi": "KANDIRA", "TİPİ": "İLÇE" }, "bbox": [ 30.152109, 41.0705741, 30.152109, 41.0705741 ], "geometry": { "type": "Point", "coordinates": [ 30.152109, 41.0705741 ] } },
{ "type": "Feature", "properties": { "Il_Adi": "KOCAELİ", "Ilce_Adi": "KARAMÜRSEL", "TİPİ": "İLÇE" }, "bbox": [ 29.6118303, 40.6782106, 29.6118303, 40.6782106 ], "geometry": { "type": "Point", "coordinates": [ 29.6118303, 40.6782106 ] } },
{ "type": "Feature", "properties": { "Il_Adi": "KOCAELİ", "Ilce_Adi": "KÖRFEZ", "TİPİ": "İLÇE" }, "bbox": [ 29.6973957, 40.7888365, 29.6973957, 40.7888365 ], "geometry": { "type": "Point", "coordinates": [ 29.6973957, 40.7888365 ] } },
{ "type": "Feature", "properties": { "Il_Adi": "KOCAELİ", "Ilce_Adi": "BAŞİSKELE", "TİPİ": "İLÇE" }, "bbox": [ 29.9529881, 40.7137416, 29.9529881, 40.7137416 ], "geometry": { "type": "Point", "coordinates": [ 29.9529881, 40.7137416 ] } },
{ "type": "Feature", "properties": { "Il_Adi": "KOCAELİ", "Ilce_Adi": "ÇAYIROVA", "TİPİ": "İLÇE" }, "bbox": [ 29.3808, 40.8303281, 29.3808, 40.8303281 ], "geometry": { "type": "Point", "coordinates": [ 29.3808, 40.8303281 ] } },
{ "type": "Feature", "properties": { "Il_Adi": "KOCAELİ", "Ilce_Adi": "DARICA", "TİPİ": "İLÇE" }, "bbox": [ 29.3819366, 40.7903319, 29.3819366, 40.7903319 ], "geometry": { "type": "Point", "coordinates": [ 29.3819366, 40.7903319 ] } },
{ "type": "Feature", "properties": { "Il_Adi": "KOCAELİ", "Ilce_Adi": "DİLOVASI", "TİPİ": "İLÇE" }, "bbox": [ 29.5402454, 40.7924244, 29.5402454, 40.7924244 ], "geometry": { "type": "Point", "coordinates": [ 29.5402454, 40.7924244 ] } },
{ "type": "Feature", "properties": { "Il_Adi": "KOCAELİ", "Ilce_Adi": "KARTEPE", "TİPİ": "İLÇE" }, "bbox": [ 30.0066836, 40.7390443, 30.0066836, 40.7390443 ], "geometry": { "type": "Point", "coordinates": [ 30.0066836, 40.7390443 ] } },
{ "type": "Feature", "properties": { "Il_Adi": "KONYA", "Ilce_Adi": "KARATAY", "TİPİ": "İLÇE" }, "bbox": [ 32.5381144, 37.8369572, 32.5381144, 37.8369572 ], "geometry": { "type": "Point", "coordinates": [ 32.5381144, 37.8369572 ] } },
{ "type": "Feature", "properties": { "Il_Adi": "KONYA", "Ilce_Adi": "MERAM", "TİPİ": "İLÇE" }, "bbox": [ 32.4600677, 37.8313551, 32.4600677, 37.8313551 ], "geometry": { "type": "Point", "coordinates": [ 32.4600677, 37.8313551 ] } },
{ "type": "Feature", "properties": { "Il_Adi": "KONYA", "Ilce_Adi": "SELÇUKLU", "TİPİ": "İLÇE" }, "bbox": [ 32.4773567, 37.902428, 32.4773567, 37.902428 ], "geometry": { "type": "Point", "coordinates": [ 32.4773567, 37.902428 ] } },
{ "type": "Feature", "properties": { "Il_Adi": "KONYA", "Ilce_Adi": "AHIRLI", "TİPİ": "İLÇE" }, "bbox": [ 32.1214293, 37.2382786, 32.1214293, 37.2382786 ], "geometry": { "type": "Point", "coordinates": [ 32.1214293, 37.2382786 ] } },
{ "type": "Feature", "properties": { "Il_Adi": "KONYA", "Ilce_Adi": "AKÖREN", "TİPİ": "İLÇE" }, "bbox": [ 32.3659726, 37.4516626, 32.3659726, 37.4516626 ], "geometry": { "type": "Point", "coordinates": [ 32.3659726, 37.4516626 ] } },
{ "type": "Feature", "properties": { "Il_Adi": "KONYA", "Ilce_Adi": "AKŞEHİR", "TİPİ": "İLÇE" }, "bbox": [ 31.4201983, 38.358888, 31.4201983, 38.358888 ], "geometry": { "type": "Point", "coordinates": [ 31.4201983, 38.358888 ] } },
{ "type": "Feature", "properties": { "Il_Adi": "KONYA", "Ilce_Adi": "ALTINEKİN", "TİPİ": "İLÇE" }, "bbox": [ 32.8647089, 38.3072702, 32.8647089, 38.3072702 ], "geometry": { "type": "Point", "coordinates": [ 32.8647089, 38.3072702 ] } },
{ "type": "Feature", "properties": { "Il_Adi": "KONYA", "Ilce_Adi": "BEYŞEHİR", "TİPİ": "İLÇE" }, "bbox": [ 31.7282343, 37.6770732, 31.7282343, 37.6770732 ], "geometry": { "type": "Point", "coordinates": [ 31.7282343, 37.6770732 ] } },
{ "type": "Feature", "properties": { "Il_Adi": "KONYA", "Ilce_Adi": "BOZKIR", "TİPİ": "İLÇE" }, "bbox": [ 32.2527741, 37.1942706, 32.2527741, 37.1942706 ], "geometry": { "type": "Point", "coordinates": [ 32.2527741, 37.1942706 ] } },
{ "type": "Feature", "properties": { "Il_Adi": "KONYA", "Ilce_Adi": "CİHANBEYLİ", "TİPİ": "İLÇE" }, "bbox": [ 32.9215177, 38.6578928, 32.9215177, 38.6578928 ], "geometry": { "type": "Point", "coordinates": [ 32.9215177, 38.6578928 ] } },
{ "type": "Feature", "properties": { "Il_Adi": "KONYA", "Ilce_Adi": "ÇELTİK", "TİPİ": "İLÇE" }, "bbox": [ 31.801276, 39.0122789, 31.801276, 39.0122789 ], "geometry": { "type": "Point", "coordinates": [ 31.801276, 39.0122789 ] } },
{ "type": "Feature", "properties": { "Il_Adi": "KONYA", "Ilce_Adi": "ÇUMRA", "TİPİ": "İLÇE" }, "bbox": [ 32.7824849, 37.5694386, 32.7824849, 37.5694386 ], "geometry": { "type": "Point", "coordinates": [ 32.7824849, 37.5694386 ] } },
{ "type": "Feature", "properties": { "Il_Adi": "KONYA", "Ilce_Adi": "DERBENT", "TİPİ": "İLÇE" }, "bbox": [ 32.0158074, 38.018271, 32.0158074, 38.018271 ], "geometry": { "type": "Point", "coordinates": [ 32.0158074, 38.018271 ] } },
{ "type": "Feature", "properties": { "Il_Adi": "KONYA", "Ilce_Adi": "DEREBUCAK", "TİPİ": "İLÇE" }, "bbox": [ 31.5136297, 37.3894847, 31.5136297, 37.3894847 ], "geometry": { "type": "Point", "coordinates": [ 31.5136297, 37.3894847 ] } },
{ "type": "Feature", "properties": { "Il_Adi": "KONYA", "Ilce_Adi": "DOĞANHİSAR", "TİPİ": "İLÇE" }, "bbox": [ 31.6769937, 38.1462328, 31.6769937, 38.1462328 ], "geometry": { "type": "Point", "coordinates": [ 31.6769937, 38.1462328 ] } },
{ "type": "Feature", "properties": { "Il_Adi": "KONYA", "Ilce_Adi": "EMİRGAZİ", "TİPİ": "İLÇE" }, "bbox": [ 33.8378061, 37.8946996, 33.8378061, 37.8946996 ], "geometry": { "type": "Point", "coordinates": [ 33.8378061, 37.8946996 ] } },
{ "type": "Feature", "properties": { "Il_Adi": "KONYA", "Ilce_Adi": "EREĞLİ", "TİPİ": "İLÇE" }, "bbox": [ 34.051391, 37.5104302, 34.051391, 37.5104302 ], "geometry": { "type": "Point", "coordinates": [ 34.051391, 37.5104302 ] } },
{ "type": "Feature", "properties": { "Il_Adi": "KONYA", "Ilce_Adi": "GÜNEYSINIR", "TİPİ": "İLÇE" }, "bbox": [ 32.7324609, 37.2765334, 32.7324609, 37.2765334 ], "geometry": { "type": "Point", "coordinates": [ 32.7324609, 37.2765334 ] } },
{ "type": "Feature", "properties": { "Il_Adi": "KONYA", "Ilce_Adi": "HADİM", "TİPİ": "İLÇE" }, "bbox": [ 32.4558186, 36.9860903, 32.4558186, 36.9860903 ], "geometry": { "type": "Point", "coordinates": [ 32.4558186, 36.9860903 ] } },
{ "type": "Feature", "properties": { "Il_Adi": "KONYA", "Ilce_Adi": "HALKAPINAR", "TİPİ": "İLÇE" }, "bbox": [ 34.2037414, 37.4257697, 34.2037414, 37.4257697 ], "geometry": { "type": "Point", "coordinates": [ 34.2037414, 37.4257697 ] } },
{ "type": "Feature", "properties": { "Il_Adi": "KONYA", "Ilce_Adi": "HÜYÜK", "TİPİ": "İLÇE" }, "bbox": [ 31.5990982, 37.9524701, 31.5990982, 37.9524701 ], "geometry": { "type": "Point", "coordinates": [ 31.5990982, 37.9524701 ] } },
{ "type": "Feature", "properties": { "Il_Adi": "KONYA", "Ilce_Adi": "ILGIN", "TİPİ": "İLÇE" }, "bbox": [ 31.9123818, 38.2793247, 31.9123818, 38.2793247 ], "geometry": { "type": "Point", "coordinates": [ 31.9123818, 38.2793247 ] } },
{ "type": "Feature", "properties": { "Il_Adi": "KONYA", "Ilce_Adi": "KADINHANI", "TİPİ": "İLÇE" }, "bbox": [ 32.210626, 38.2408852, 32.210626, 38.2408852 ], "geometry": { "type": "Point", "coordinates": [ 32.210626, 38.2408852 ] } },
{ "type": "Feature", "properties": { "Il_Adi": "KONYA", "Ilce_Adi": "KARAPINAR", "TİPİ": "İLÇE" }, "bbox": [ 33.5493985, 37.7161789, 33.5493985, 37.7161789 ], "geometry": { "type": "Point", "coordinates": [ 33.5493985, 37.7161789 ] } },
{ "type": "Feature", "properties": { "Il_Adi": "KONYA", "Ilce_Adi": "KULU", "TİPİ": "İLÇE" }, "bbox": [ 33.0794544, 39.0899937, 33.0794544, 39.0899937 ], "geometry": { "type": "Point", "coordinates": [ 33.0794544, 39.0899937 ] } },
{ "type": "Feature", "properties": { "Il_Adi": "KONYA", "Ilce_Adi": "SARAYÖNÜ", "TİPİ": "İLÇE" }, "bbox": [ 32.4058708, 38.2603312, 32.4058708, 38.2603312 ], "geometry": { "type": "Point", "coordinates": [ 32.4058708, 38.2603312 ] } },
{ "type": "Feature", "properties": { "Il_Adi": "KONYA", "Ilce_Adi": "SEYDİŞEHİR", "TİPİ": "İLÇE" }, "bbox": [ 31.8316676, 37.4273548, 31.8316676, 37.4273548 ], "geometry": { "type": "Point", "coordinates": [ 31.8316676, 37.4273548 ] } },
{ "type": "Feature", "properties": { "Il_Adi": "KONYA", "Ilce_Adi": "TAŞKENT", "TİPİ": "İLÇE" }, "bbox": [ 32.4916269, 36.9240501, 32.4916269, 36.9240501 ], "geometry": { "type": "Point", "coordinates": [ 32.4916269, 36.9240501 ] } },
{ "type": "Feature", "properties": { "Il_Adi": "KONYA", "Ilce_Adi": "TUZLUKÇU", "TİPİ": "İLÇE" }, "bbox": [ 31.6274781, 38.4732423, 31.6274781, 38.4732423 ], "geometry": { "type": "Point", "coordinates": [ 31.6274781, 38.4732423 ] } },
{ "type": "Feature", "properties": { "Il_Adi": "KONYA", "Ilce_Adi": "YALIHÜYÜK", "TİPİ": "İLÇE" }, "bbox": [ 32.0913711, 37.2934834, 32.0913711, 37.2934834 ], "geometry": { "type": "Point", "coordinates": [ 32.0913711, 37.2934834 ] } },
{ "type": "Feature", "properties": { "Il_Adi": "KONYA", "Ilce_Adi": "YUNAK", "TİPİ": "İLÇE" }, "bbox": [ 31.7314878, 38.8163962, 31.7314878, 38.8163962 ], "geometry": { "type": "Point", "coordinates": [ 31.7314878, 38.8163962 ] } },
{ "type": "Feature", "properties": { "Il_Adi": "KÜTAHYA", "Ilce_Adi": "ALTINTAŞ", "TİPİ": "İLÇE" }, "bbox": [ 30.1093225, 39.0577795, 30.1093225, 39.0577795 ], "geometry": { "type": "Point", "coordinates": [ 30.1093225, 39.0577795 ] } },
{ "type": "Feature", "properties": { "Il_Adi": "KÜTAHYA", "Ilce_Adi": "ASLANAPA", "TİPİ": "İLÇE" }, "bbox": [ 29.8605522, 39.2095138, 29.8605522, 39.2095138 ], "geometry": { "type": "Point", "coordinates": [ 29.8605522, 39.2095138 ] } },
{ "type": "Feature", "properties": { "Il_Adi": "KÜTAHYA", "Ilce_Adi": "ÇAVDARHİSAR", "TİPİ": "İLÇE" }, "bbox": [ 29.6054672, 39.1972464, 29.6054672, 39.1972464 ], "geometry": { "type": "Point", "coordinates": [ 29.6054672, 39.1972464 ] } },
{ "type": "Feature", "properties": { "Il_Adi": "KÜTAHYA", "Ilce_Adi": "DOMANİÇ", "TİPİ": "İLÇE" }, "bbox": [ 29.6095648, 39.796677, 29.6095648, 39.796677 ], "geometry": { "type": "Point", "coordinates": [ 29.6095648, 39.796677 ] } },
{ "type": "Feature", "properties": { "Il_Adi": "KÜTAHYA", "Ilce_Adi": "DUMLUPINAR", "TİPİ": "İLÇE" }, "bbox": [ 29.9788553, 38.8536153, 29.9788553, 38.8536153 ], "geometry": { "type": "Point", "coordinates": [ 29.9788553, 38.8536153 ] } },
{ "type": "Feature", "properties": { "Il_Adi": "KÜTAHYA", "Ilce_Adi": "EMET", "TİPİ": "İLÇE" }, "bbox": [ 29.2792077, 39.3394861, 29.2792077, 39.3394861 ], "geometry": { "type": "Point", "coordinates": [ 29.2792077, 39.3394861 ] } },
{ "type": "Feature", "properties": { "Il_Adi": "KÜTAHYA", "Ilce_Adi": "GEDİZ", "TİPİ": "İLÇE" }, "bbox": [ 29.3897997, 38.985887, 29.3897997, 38.985887 ], "geometry": { "type": "Point", "coordinates": [ 29.3897997, 38.985887 ] } },
{ "type": "Feature", "properties": { "Il_Adi": "KÜTAHYA", "Ilce_Adi": "HİSARCIK", "TİPİ": "İLÇE" }, "bbox": [ 29.2249533, 39.2504247, 29.2249533, 39.2504247 ], "geometry": { "type": "Point", "coordinates": [ 29.2249533, 39.2504247 ] } },
{ "type": "Feature", "properties": { "Il_Adi": "KÜTAHYA", "Ilce_Adi": "PAZARLAR", "TİPİ": "İLÇE" }, "bbox": [ 29.120733, 38.9959256, 29.120733, 38.9959256 ], "geometry": { "type": "Point", "coordinates": [ 29.120733, 38.9959256 ] } },
{ "type": "Feature", "properties": { "Il_Adi": "KÜTAHYA", "Ilce_Adi": "SİMAV", "TİPİ": "İLÇE" }, "bbox": [ 28.9792989, 39.090281, 28.9792989, 39.090281 ], "geometry": { "type": "Point", "coordinates": [ 28.9792989, 39.090281 ] } },
{ "type": "Feature", "properties": { "Il_Adi": "KÜTAHYA", "Ilce_Adi": "ŞAPHANE", "TİPİ": "İLÇE" }, "bbox": [ 29.2178763, 39.0253221, 29.2178763, 39.0253221 ], "geometry": { "type": "Point", "coordinates": [ 29.2178763, 39.0253221 ] } },
{ "type": "Feature", "properties": { "Il_Adi": "KÜTAHYA", "Ilce_Adi": "TAVŞANLI", "TİPİ": "İLÇE" }, "bbox": [ 29.4902288, 39.542343, 29.4902288, 39.542343 ], "geometry": { "type": "Point", "coordinates": [ 29.4902288, 39.542343 ] } },
{ "type": "Feature", "properties": { "Il_Adi": "MALATYA", "Ilce_Adi": "AKÇADAĞ", "TİPİ": "İLÇE" }, "bbox": [ 37.9712248, 38.3450418, 37.9712248, 38.3450418 ], "geometry": { "type": "Point", "coordinates": [ 37.9712248, 38.3450418 ] } },
{ "type": "Feature", "properties": { "Il_Adi": "MALATYA", "Ilce_Adi": "ARAPGİR", "TİPİ": "İLÇE" }, "bbox": [ 38.493303, 39.0419142, 38.493303, 39.0419142 ], "geometry": { "type": "Point", "coordinates": [ 38.493303, 39.0419142 ] } },
{ "type": "Feature", "properties": { "Il_Adi": "MALATYA", "Ilce_Adi": "ARGUVAN", "TİPİ": "İLÇE" }, "bbox": [ 38.2654615, 38.7820765, 38.2654615, 38.7820765 ], "geometry": { "type": "Point", "coordinates": [ 38.2654615, 38.7820765 ] } },
{ "type": "Feature", "properties": { "Il_Adi": "MALATYA", "Ilce_Adi": "BATTALGAZİ", "TİPİ": "İLÇE" }, "bbox": [ 38.3670291, 38.4265227, 38.3670291, 38.4265227 ], "geometry": { "type": "Point", "coordinates": [ 38.3670291, 38.4265227 ] } },
{ "type": "Feature", "properties": { "Il_Adi": "MALATYA", "Ilce_Adi": "DARENDE", "TİPİ": "İLÇE" }, "bbox": [ 37.4906677, 38.5626045, 37.4906677, 38.5626045 ], "geometry": { "type": "Point", "coordinates": [ 37.4906677, 38.5626045 ] } },
{ "type": "Feature", "properties": { "Il_Adi": "MALATYA", "Ilce_Adi": "DOĞANŞEHİR", "TİPİ": "İLÇE" }, "bbox": [ 37.8711555, 38.0857423, 37.8711555, 38.0857423 ], "geometry": { "type": "Point", "coordinates": [ 37.8711555, 38.0857423 ] } },
{ "type": "Feature", "properties": { "Il_Adi": "MALATYA", "Ilce_Adi": "DOĞANYOL", "TİPİ": "İLÇE" }, "bbox": [ 39.0343118, 38.3074558, 39.0343118, 38.3074558 ], "geometry": { "type": "Point", "coordinates": [ 39.0343118, 38.3074558 ] } },
{ "type": "Feature", "properties": { "Il_Adi": "MALATYA", "Ilce_Adi": "HEKİMHAN", "TİPİ": "İLÇE" }, "bbox": [ 37.928822, 38.8162216, 37.928822, 38.8162216 ], "geometry": { "type": "Point", "coordinates": [ 37.928822, 38.8162216 ] } },
{ "type": "Feature", "properties": { "Il_Adi": "MALATYA", "Ilce_Adi": "KALE", "TİPİ": "İLÇE" }, "bbox": [ 38.7463173, 38.4038047, 38.7463173, 38.4038047 ], "geometry": { "type": "Point", "coordinates": [ 38.7463173, 38.4038047 ] } },
{ "type": "Feature", "properties": { "Il_Adi": "MALATYA", "Ilce_Adi": "KULUNCAK", "TİPİ": "İLÇE" }, "bbox": [ 37.6823089, 38.8651355, 37.6823089, 38.8651355 ], "geometry": { "type": "Point", "coordinates": [ 37.6823089, 38.8651355 ] } },
{ "type": "Feature", "properties": { "Il_Adi": "MALATYA", "Ilce_Adi": "PÜTÜRGE", "TİPİ": "İLÇE" }, "bbox": [ 38.8629561, 38.1992336, 38.8629561, 38.1992336 ], "geometry": { "type": "Point", "coordinates": [ 38.8629561, 38.1992336 ] } },
{ "type": "Feature", "properties": { "Il_Adi": "MALATYA", "Ilce_Adi": "YAZIHAN", "TİPİ": "İLÇE" }, "bbox": [ 38.1806498, 38.5972247, 38.1806498, 38.5972247 ], "geometry": { "type": "Point", "coordinates": [ 38.1806498, 38.5972247 ] } },
{ "type": "Feature", "properties": { "Il_Adi": "MALATYA", "Ilce_Adi": "YEŞİLYURT", "TİPİ": "İLÇE" }, "bbox": [ 38.2543429, 38.2977187, 38.2543429, 38.2977187 ], "geometry": { "type": "Point", "coordinates": [ 38.2543429, 38.2977187 ] } },
{ "type": "Feature", "properties": { "Il_Adi": "MANİSA", "Ilce_Adi": "AHMETLİ", "TİPİ": "İLÇE" }, "bbox": [ 27.9385429, 38.5174765, 27.9385429, 38.5174765 ], "geometry": { "type": "Point", "coordinates": [ 27.9385429, 38.5174765 ] } },
{ "type": "Feature", "properties": { "Il_Adi": "MANİSA", "Ilce_Adi": "AKHİSAR", "TİPİ": "İLÇE" }, "bbox": [ 27.8378375, 38.9219591, 27.8378375, 38.9219591 ], "geometry": { "type": "Point", "coordinates": [ 27.8378375, 38.9219591 ] } },
{ "type": "Feature", "properties": { "Il_Adi": "MANİSA", "Ilce_Adi": "ALAŞEHİR", "TİPİ": "İLÇE" }, "bbox": [ 28.5105997, 38.351802, 28.5105997, 38.351802 ], "geometry": { "type": "Point", "coordinates": [ 28.5105997, 38.351802 ] } },
{ "type": "Feature", "properties": { "Il_Adi": "MANİSA", "Ilce_Adi": "DEMİRCİ", "TİPİ": "İLÇE" }, "bbox": [ 28.6687873, 39.0477931, 28.6687873, 39.0477931 ], "geometry": { "type": "Point", "coordinates": [ 28.6687873, 39.0477931 ] } },
{ "type": "Feature", "properties": { "Il_Adi": "MANİSA", "Ilce_Adi": "GÖLMARMARA", "TİPİ": "İLÇE" }, "bbox": [ 27.9172789, 38.7124779, 27.9172789, 38.7124779 ], "geometry": { "type": "Point", "coordinates": [ 27.9172789, 38.7124779 ] } },
{ "type": "Feature", "properties": { "Il_Adi": "MANİSA", "Ilce_Adi": "GÖRDES", "TİPİ": "İLÇE" }, "bbox": [ 28.2873375, 38.9310585, 28.2873375, 38.9310585 ], "geometry": { "type": "Point", "coordinates": [ 28.2873375, 38.9310585 ] } },
{ "type": "Feature", "properties": { "Il_Adi": "MANİSA", "Ilce_Adi": "KIRKAĞAÇ", "TİPİ": "İLÇE" }, "bbox": [ 27.6707078, 39.0985495, 27.6707078, 39.0985495 ], "geometry": { "type": "Point", "coordinates": [ 27.6707078, 39.0985495 ] } },
{ "type": "Feature", "properties": { "Il_Adi": "MANİSA", "Ilce_Adi": "KÖPRÜBAŞI", "TİPİ": "İLÇE" }, "bbox": [ 28.4027805, 38.7489319, 28.4027805, 38.7489319 ], "geometry": { "type": "Point", "coordinates": [ 28.4027805, 38.7489319 ] } },
{ "type": "Feature", "properties": { "Il_Adi": "MANİSA", "Ilce_Adi": "KULA", "TİPİ": "İLÇE" }, "bbox": [ 28.6334479, 38.5420875, 28.6334479, 38.5420875 ], "geometry": { "type": "Point", "coordinates": [ 28.6334479, 38.5420875 ] } },
{ "type": "Feature", "properties": { "Il_Adi": "MANİSA", "Ilce_Adi": "SALİHLİ", "TİPİ": "İLÇE" }, "bbox": [ 28.1313663, 38.481077, 28.1313663, 38.481077 ], "geometry": { "type": "Point", "coordinates": [ 28.1313663, 38.481077 ] } },
{ "type": "Feature", "properties": { "Il_Adi": "MANİSA", "Ilce_Adi": "SARIGÖL", "TİPİ": "İLÇE" }, "bbox": [ 28.6718076, 38.2383327, 28.6718076, 38.2383327 ], "geometry": { "type": "Point", "coordinates": [ 28.6718076, 38.2383327 ] } },
{ "type": "Feature", "properties": { "Il_Adi": "MANİSA", "Ilce_Adi": "SARUHANLI", "TİPİ": "İLÇE" }, "bbox": [ 27.5752614, 38.7291227, 27.5752614, 38.7291227 ], "geometry": { "type": "Point", "coordinates": [ 27.5752614, 38.7291227 ] } },
{ "type": "Feature", "properties": { "Il_Adi": "MANİSA", "Ilce_Adi": "SELENDİ", "TİPİ": "İLÇE" }, "bbox": [ 28.8710488, 38.7417451, 28.8710488, 38.7417451 ], "geometry": { "type": "Point", "coordinates": [ 28.8710488, 38.7417451 ] } },
{ "type": "Feature", "properties": { "Il_Adi": "MANİSA", "Ilce_Adi": "SOMA", "TİPİ": "İLÇE" }, "bbox": [ 27.6020183, 39.1800215, 27.6020183, 39.1800215 ], "geometry": { "type": "Point", "coordinates": [ 27.6020183, 39.1800215 ] } },
{ "type": "Feature", "properties": { "Il_Adi": "MANİSA", "Ilce_Adi": "TURGUTLU", "TİPİ": "İLÇE" }, "bbox": [ 27.7015208, 38.4877953, 27.7015208, 38.4877953 ], "geometry": { "type": "Point", "coordinates": [ 27.7015208, 38.4877953 ] } },
{ "type": "Feature", "properties": { "Il_Adi": "KAHRAMANMARAŞ", "Ilce_Adi": "AFŞİN", "TİPİ": "İLÇE" }, "bbox": [ 36.9321417, 38.2533443, 36.9321417, 38.2533443 ], "geometry": { "type": "Point", "coordinates": [ 36.9321417, 38.2533443 ] } },
{ "type": "Feature", "properties": { "Il_Adi": "KAHRAMANMARAŞ", "Ilce_Adi": "ANDIRIN", "TİPİ": "İLÇE" }, "bbox": [ 36.362522, 37.5819195, 36.362522, 37.5819195 ], "geometry": { "type": "Point", "coordinates": [ 36.362522, 37.5819195 ] } },
{ "type": "Feature", "properties": { "Il_Adi": "KAHRAMANMARAŞ", "Ilce_Adi": "ÇAĞLAYANCERİT", "TİPİ": "İLÇE" }, "bbox": [ 37.2953783, 37.7473909, 37.2953783, 37.7473909 ], "geometry": { "type": "Point", "coordinates": [ 37.2953783, 37.7473909 ] } },
{ "type": "Feature", "properties": { "Il_Adi": "KAHRAMANMARAŞ", "Ilce_Adi": "EKİNÖZÜ", "TİPİ": "İLÇE" }, "bbox": [ 37.194468, 38.0554143, 37.194468, 38.0554143 ], "geometry": { "type": "Point", "coordinates": [ 37.194468, 38.0554143 ] } },
{ "type": "Feature", "properties": { "Il_Adi": "KAHRAMANMARAŞ", "Ilce_Adi": "ELBİSTAN", "TİPİ": "İLÇE" }, "bbox": [ 37.1843636, 38.1942845, 37.1843636, 38.1942845 ], "geometry": { "type": "Point", "coordinates": [ 37.1843636, 38.1942845 ] } },
{ "type": "Feature", "properties": { "Il_Adi": "KAHRAMANMARAŞ", "Ilce_Adi": "GÖKSUN", "TİPİ": "İLÇE" }, "bbox": [ 36.4824946, 38.0191401, 36.4824946, 38.0191401 ], "geometry": { "type": "Point", "coordinates": [ 36.4824946, 38.0191401 ] } },
{ "type": "Feature", "properties": { "Il_Adi": "KAHRAMANMARAŞ", "Ilce_Adi": "NURHAK", "TİPİ": "İLÇE" }, "bbox": [ 37.4404744, 37.9636619, 37.4404744, 37.9636619 ], "geometry": { "type": "Point", "coordinates": [ 37.4404744, 37.9636619 ] } },
{ "type": "Feature", "properties": { "Il_Adi": "KAHRAMANMARAŞ", "Ilce_Adi": "PAZARCIK", "TİPİ": "İLÇE" }, "bbox": [ 37.292171, 37.4839622, 37.292171, 37.4839622 ], "geometry": { "type": "Point", "coordinates": [ 37.292171, 37.4839622 ] } },
{ "type": "Feature", "properties": { "Il_Adi": "KAHRAMANMARAŞ", "Ilce_Adi": "TÜRKOĞLU", "TİPİ": "İLÇE" }, "bbox": [ 36.8582928, 37.378084, 36.8582928, 37.378084 ], "geometry": { "type": "Point", "coordinates": [ 36.8582928, 37.378084 ] } },
{ "type": "Feature", "properties": { "Il_Adi": "MARDİN", "Ilce_Adi": "DARGEÇİT", "TİPİ": "İLÇE" }, "bbox": [ 41.716525, 37.5461644, 41.716525, 37.5461644 ], "geometry": { "type": "Point", "coordinates": [ 41.716525, 37.5461644 ] } },
{ "type": "Feature", "properties": { "Il_Adi": "MARDİN", "Ilce_Adi": "DERİK", "TİPİ": "İLÇE" }, "bbox": [ 40.2647257, 37.3633564, 40.2647257, 37.3633564 ], "geometry": { "type": "Point", "coordinates": [ 40.2647257, 37.3633564 ] } },
{ "type": "Feature", "properties": { "Il_Adi": "MARDİN", "Ilce_Adi": "KIZILTEPE", "TİPİ": "İLÇE" }, "bbox": [ 40.5772318, 37.1883571, 40.5772318, 37.1883571 ], "geometry": { "type": "Point", "coordinates": [ 40.5772318, 37.1883571 ] } },
{ "type": "Feature", "properties": { "Il_Adi": "MARDİN", "Ilce_Adi": "MAZIDAĞI", "TİPİ": "İLÇE" }, "bbox": [ 40.481523, 37.4780049, 40.481523, 37.4780049 ], "geometry": { "type": "Point", "coordinates": [ 40.481523, 37.4780049 ] } },
{ "type": "Feature", "properties": { "Il_Adi": "MARDİN", "Ilce_Adi": "MİDYAT", "TİPİ": "İLÇE" }, "bbox": [ 41.3390938, 37.4190776, 41.3390938, 37.4190776 ], "geometry": { "type": "Point", "coordinates": [ 41.3390938, 37.4190776 ] } },
{ "type": "Feature", "properties": { "Il_Adi": "MARDİN", "Ilce_Adi": "NUSAYBİN", "TİPİ": "İLÇE" }, "bbox": [ 41.2194713, 37.0875518, 41.2194713, 37.0875518 ], "geometry": { "type": "Point", "coordinates": [ 41.2194713, 37.0875518 ] } },
{ "type": "Feature", "properties": { "Il_Adi": "MARDİN", "Ilce_Adi": "ÖMERLİ", "TİPİ": "İLÇE" }, "bbox": [ 40.954417, 37.39903, 40.954417, 37.39903 ], "geometry": { "type": "Point", "coordinates": [ 40.954417, 37.39903 ] } },
{ "type": "Feature", "properties": { "Il_Adi": "MARDİN", "Ilce_Adi": "SAVUR", "TİPİ": "İLÇE" }, "bbox": [ 40.8886623, 37.549655, 40.8886623, 37.549655 ], "geometry": { "type": "Point", "coordinates": [ 40.8886623, 37.549655 ] } },
{ "type": "Feature", "properties": { "Il_Adi": "MARDİN", "Ilce_Adi": "YEŞİLLİ", "TİPİ": "İLÇE" }, "bbox": [ 40.8178972, 37.3444546, 40.8178972, 37.3444546 ], "geometry": { "type": "Point", "coordinates": [ 40.8178972, 37.3444546 ] } },
{ "type": "Feature", "properties": { "Il_Adi": "MUĞLA", "Ilce_Adi": "BODRUM", "TİPİ": "İLÇE" }, "bbox": [ 27.4114974, 37.0461701, 27.4114974, 37.0461701 ], "geometry": { "type": "Point", "coordinates": [ 27.4114974, 37.0461701 ] } },
{ "type": "Feature", "properties": { "Il_Adi": "MUĞLA", "Ilce_Adi": "DALAMAN", "TİPİ": "İLÇE" }, "bbox": [ 28.8006086, 36.7663528, 28.8006086, 36.7663528 ], "geometry": { "type": "Point", "coordinates": [ 28.8006086, 36.7663528 ] } },
{ "type": "Feature", "properties": { "Il_Adi": "MUĞLA", "Ilce_Adi": "DATÇA", "TİPİ": "İLÇE" }, "bbox": [ 27.6555696, 36.7485824, 27.6555696, 36.7485824 ], "geometry": { "type": "Point", "coordinates": [ 27.6555696, 36.7485824 ] } },
{ "type": "Feature", "properties": { "Il_Adi": "MUĞLA", "Ilce_Adi": "FETHİYE", "TİPİ": "İLÇE" }, "bbox": [ 29.1378012, 36.63151, 29.1378012, 36.63151 ], "geometry": { "type": "Point", "coordinates": [ 29.1378012, 36.63151 ] } },
{ "type": "Feature", "properties": { "Il_Adi": "MUĞLA", "Ilce_Adi": "KAVAKLIDERE", "TİPİ": "İLÇE" }, "bbox": [ 28.3636628, 37.4484936, 28.3636628, 37.4484936 ], "geometry": { "type": "Point", "coordinates": [ 28.3636628, 37.4484936 ] } },
{ "type": "Feature", "properties": { "Il_Adi": "MUĞLA", "Ilce_Adi": "KÖYCEĞİZ", "TİPİ": "İLÇE" }, "bbox": [ 28.6959884, 36.9729613, 28.6959884, 36.9729613 ], "geometry": { "type": "Point", "coordinates": [ 28.6959884, 36.9729613 ] } },
{ "type": "Feature", "properties": { "Il_Adi": "MUĞLA", "Ilce_Adi": "MARMARİS", "TİPİ": "İLÇE" }, "bbox": [ 28.2616466, 36.8689051, 28.2616466, 36.8689051 ], "geometry": { "type": "Point", "coordinates": [ 28.2616466, 36.8689051 ] } },
{ "type": "Feature", "properties": { "Il_Adi": "MUĞLA", "Ilce_Adi": "MİLAS", "TİPİ": "İLÇE" }, "bbox": [ 27.7826239, 37.3118056, 27.7826239, 37.3118056 ], "geometry": { "type": "Point", "coordinates": [ 27.7826239, 37.3118056 ] } },
{ "type": "Feature", "properties": { "Il_Adi": "MUĞLA", "Ilce_Adi": "ORTACA", "TİPİ": "İLÇE" }, "bbox": [ 28.7647343, 36.8385474, 28.7647343, 36.8385474 ], "geometry": { "type": "Point", "coordinates": [ 28.7647343, 36.8385474 ] } },
{ "type": "Feature", "properties": { "Il_Adi": "MUĞLA", "Ilce_Adi": "ULA", "TİPİ": "İLÇE" }, "bbox": [ 28.4146834, 37.1069219, 28.4146834, 37.1069219 ], "geometry": { "type": "Point", "coordinates": [ 28.4146834, 37.1069219 ] } },
{ "type": "Feature", "properties": { "Il_Adi": "MUĞLA", "Ilce_Adi": "YATAĞAN", "TİPİ": "İLÇE" }, "bbox": [ 28.1451066, 37.3461504, 28.1451066, 37.3461504 ], "geometry": { "type": "Point", "coordinates": [ 28.1451066, 37.3461504 ] } },
{ "type": "Feature", "properties": { "Il_Adi": "MUŞ", "Ilce_Adi": "BULANIK", "TİPİ": "İLÇE" }, "bbox": [ 42.2787243, 39.0991561, 42.2787243, 39.0991561 ], "geometry": { "type": "Point", "coordinates": [ 42.2787243, 39.0991561 ] } },
{ "type": "Feature", "properties": { "Il_Adi": "MUŞ", "Ilce_Adi": "HASKÖY", "TİPİ": "İLÇE" }, "bbox": [ 41.6900818, 38.6880413, 41.6900818, 38.6880413 ], "geometry": { "type": "Point", "coordinates": [ 41.6900818, 38.6880413 ] } },
{ "type": "Feature", "properties": { "Il_Adi": "MUŞ", "Ilce_Adi": "KORKUT", "TİPİ": "İLÇE" }, "bbox": [ 41.7871399, 38.738527, 41.7871399, 38.738527 ], "geometry": { "type": "Point", "coordinates": [ 41.7871399, 38.738527 ] } },
{ "type": "Feature", "properties": { "Il_Adi": "MUŞ", "Ilce_Adi": "MALAZGİRT", "TİPİ": "İLÇE" }, "bbox": [ 42.5353574, 39.1464962, 42.5353574, 39.1464962 ], "geometry": { "type": "Point", "coordinates": [ 42.5353574, 39.1464962 ] } },
{ "type": "Feature", "properties": { "Il_Adi": "MUŞ", "Ilce_Adi": "VARTO", "TİPİ": "İLÇE" }, "bbox": [ 41.4540202, 39.173748, 41.4540202, 39.173748 ], "geometry": { "type": "Point", "coordinates": [ 41.4540202, 39.173748 ] } },
{ "type": "Feature", "properties": { "Il_Adi": "NEVŞEHİR", "Ilce_Adi": "ACIGÖL", "TİPİ": "İLÇE" }, "bbox": [ 34.5032667, 38.5501437, 34.5032667, 38.5501437 ], "geometry": { "type": "Point", "coordinates": [ 34.5032667, 38.5501437 ] } },
{ "type": "Feature", "properties": { "Il_Adi": "NEVŞEHİR", "Ilce_Adi": "AVANOS", "TİPİ": "İLÇE" }, "bbox": [ 34.8507926, 38.7080349, 34.8507926, 38.7080349 ], "geometry": { "type": "Point", "coordinates": [ 34.8507926, 38.7080349 ] } },
{ "type": "Feature", "properties": { "Il_Adi": "NEVŞEHİR", "Ilce_Adi": "DERİNKUYU", "TİPİ": "İLÇE" }, "bbox": [ 34.73403, 38.3747324, 34.73403, 38.3747324 ], "geometry": { "type": "Point", "coordinates": [ 34.73403, 38.3747324 ] } },
{ "type": "Feature", "properties": { "Il_Adi": "NEVŞEHİR", "Ilce_Adi": "GÜLŞEHİR", "TİPİ": "İLÇE" }, "bbox": [ 34.6178887, 38.7457014, 34.6178887, 38.7457014 ], "geometry": { "type": "Point", "coordinates": [ 34.6178887, 38.7457014 ] } },
{ "type": "Feature", "properties": { "Il_Adi": "NEVŞEHİR", "Ilce_Adi": "HACIBEKTAŞ", "TİPİ": "İLÇE" }, "bbox": [ 34.55943, 38.9406805, 34.55943, 38.9406805 ], "geometry": { "type": "Point", "coordinates": [ 34.55943, 38.9406805 ] } },
{ "type": "Feature", "properties": { "Il_Adi": "NEVŞEHİR", "Ilce_Adi": "KOZAKLI", "TİPİ": "İLÇE" }, "bbox": [ 34.8510459, 39.2170889, 34.8510459, 39.2170889 ], "geometry": { "type": "Point", "coordinates": [ 34.8510459, 39.2170889 ] } },
{ "type": "Feature", "properties": { "Il_Adi": "NEVŞEHİR", "Ilce_Adi": "ÜRGÜP", "TİPİ": "İLÇE" }, "bbox": [ 34.9140093, 38.6317463, 34.9140093, 38.6317463 ], "geometry": { "type": "Point", "coordinates": [ 34.9140093, 38.6317463 ] } },
{ "type": "Feature", "properties": { "Il_Adi": "NİĞDE", "Ilce_Adi": "ALTUNHİSAR", "TİPİ": "İLÇE" }, "bbox": [ 34.3736313, 37.9897433, 34.3736313, 37.9897433 ], "geometry": { "type": "Point", "coordinates": [ 34.3736313, 37.9897433 ] } },
{ "type": "Feature", "properties": { "Il_Adi": "NİĞDE", "Ilce_Adi": "BOR", "TİPİ": "İLÇE" }, "bbox": [ 34.5580036, 37.8915865, 34.5580036, 37.8915865 ], "geometry": { "type": "Point", "coordinates": [ 34.5580036, 37.8915865 ] } },
{ "type": "Feature", "properties": { "Il_Adi": "NİĞDE", "Ilce_Adi": "ÇAMARDI", "TİPİ": "İLÇE" }, "bbox": [ 34.9848995, 37.8336734, 34.9848995, 37.8336734 ], "geometry": { "type": "Point", "coordinates": [ 34.9848995, 37.8336734 ] } },
{ "type": "Feature", "properties": { "Il_Adi": "NİĞDE", "Ilce_Adi": "ÇİFTLİK", "TİPİ": "İLÇE" }, "bbox": [ 34.4986804, 38.1804167, 34.4986804, 38.1804167 ], "geometry": { "type": "Point", "coordinates": [ 34.4986804, 38.1804167 ] } },
{ "type": "Feature", "properties": { "Il_Adi": "NİĞDE", "Ilce_Adi": "ULUKIŞLA", "TİPİ": "İLÇE" }, "bbox": [ 34.4826456, 37.5481617, 34.4826456, 37.5481617 ], "geometry": { "type": "Point", "coordinates": [ 34.4826456, 37.5481617 ] } },
{ "type": "Feature", "properties": { "Il_Adi": "ORDU", "Ilce_Adi": "AKKUŞ", "TİPİ": "İLÇE" }, "bbox": [ 37.0176658, 40.7901256, 37.0176658, 40.7901256 ], "geometry": { "type": "Point", "coordinates": [ 37.0176658, 40.7901256 ] } },
{ "type": "Feature", "properties": { "Il_Adi": "ORDU", "Ilce_Adi": "AYBASTI", "TİPİ": "İLÇE" }, "bbox": [ 37.3994419, 40.6854349, 37.3994419, 40.6854349 ], "geometry": { "type": "Point", "coordinates": [ 37.3994419, 40.6854349 ] } },
{ "type": "Feature", "properties": { "Il_Adi": "ORDU", "Ilce_Adi": "ÇAMAŞ", "TİPİ": "İLÇE" }, "bbox": [ 37.5278605, 40.9019984, 37.5278605, 40.9019984 ], "geometry": { "type": "Point", "coordinates": [ 37.5278605, 40.9019984 ] } },
{ "type": "Feature", "properties": { "Il_Adi": "ORDU", "Ilce_Adi": "ÇATALPINAR", "TİPİ": "İLÇE" }, "bbox": [ 37.4541539, 40.8778728, 37.4541539, 40.8778728 ], "geometry": { "type": "Point", "coordinates": [ 37.4541539, 40.8778728 ] } },
{ "type": "Feature", "properties": { "Il_Adi": "ORDU", "Ilce_Adi": "ÇAYBAŞI", "TİPİ": "İLÇE" }, "bbox": [ 37.0982834, 41.0171251, 37.0982834, 41.0171251 ], "geometry": { "type": "Point", "coordinates": [ 37.0982834, 41.0171251 ] } },
{ "type": "Feature", "properties": { "Il_Adi": "ORDU", "Ilce_Adi": "FATSA", "TİPİ": "İLÇE" }, "bbox": [ 37.4841637, 41.0245119, 37.4841637, 41.0245119 ], "geometry": { "type": "Point", "coordinates": [ 37.4841637, 41.0245119 ] } },
{ "type": "Feature", "properties": { "Il_Adi": "ORDU", "Ilce_Adi": "GÖLKÖY", "TİPİ": "İLÇE" }, "bbox": [ 37.6154394, 40.6868935, 37.6154394, 40.6868935 ], "geometry": { "type": "Point", "coordinates": [ 37.6154394, 40.6868935 ] } },
{ "type": "Feature", "properties": { "Il_Adi": "ORDU", "Ilce_Adi": "GÜLYALI", "TİPİ": "İLÇE" }, "bbox": [ 38.0529922, 40.9534786, 38.0529922, 40.9534786 ], "geometry": { "type": "Point", "coordinates": [ 38.0529922, 40.9534786 ] } },
{ "type": "Feature", "properties": { "Il_Adi": "ORDU", "Ilce_Adi": "GÜRGENTEPE", "TİPİ": "İLÇE" }, "bbox": [ 37.5996138, 40.78965, 37.5996138, 40.78965 ], "geometry": { "type": "Point", "coordinates": [ 37.5996138, 40.78965 ] } },
{ "type": "Feature", "properties": { "Il_Adi": "ORDU", "Ilce_Adi": "İKİZCE", "TİPİ": "İLÇE" }, "bbox": [ 37.0770278, 41.0528022, 37.0770278, 41.0528022 ], "geometry": { "type": "Point", "coordinates": [ 37.0770278, 41.0528022 ] } },
{ "type": "Feature", "properties": { "Il_Adi": "ORDU", "Ilce_Adi": "KABADÜZ", "TİPİ": "İLÇE" }, "bbox": [ 37.890604, 40.8599265, 37.890604, 40.8599265 ], "geometry": { "type": "Point", "coordinates": [ 37.890604, 40.8599265 ] } },
{ "type": "Feature", "properties": { "Il_Adi": "ORDU", "Ilce_Adi": "KABATAŞ", "TİPİ": "İLÇE" }, "bbox": [ 37.4505756, 40.7512618, 37.4505756, 40.7512618 ], "geometry": { "type": "Point", "coordinates": [ 37.4505756, 40.7512618 ] } },
{ "type": "Feature", "properties": { "Il_Adi": "ORDU", "Ilce_Adi": "KORGAN", "TİPİ": "İLÇE" }, "bbox": [ 37.3443943, 40.829508, 37.3443943, 40.829508 ], "geometry": { "type": "Point", "coordinates": [ 37.3443943, 40.829508 ] } },
{ "type": "Feature", "properties": { "Il_Adi": "ORDU", "Ilce_Adi": "KUMRU", "TİPİ": "İLÇE" }, "bbox": [ 37.2643749, 40.8738214, 37.2643749, 40.8738214 ], "geometry": { "type": "Point", "coordinates": [ 37.2643749, 40.8738214 ] } },
{ "type": "Feature", "properties": { "Il_Adi": "ORDU", "Ilce_Adi": "MESUDİYE", "TİPİ": "İLÇE" }, "bbox": [ 37.7715474, 40.4629785, 37.7715474, 40.4629785 ], "geometry": { "type": "Point", "coordinates": [ 37.7715474, 40.4629785 ] } },
{ "type": "Feature", "properties": { "Il_Adi": "ORDU", "Ilce_Adi": "PERŞEMBE", "TİPİ": "İLÇE" }, "bbox": [ 37.7595325, 41.0553266, 37.7595325, 41.0553266 ], "geometry": { "type": "Point", "coordinates": [ 37.7595325, 41.0553266 ] } },
{ "type": "Feature", "properties": { "Il_Adi": "ORDU", "Ilce_Adi": "ULUBEY", "TİPİ": "İLÇE" }, "bbox": [ 37.7578037, 40.8743369, 37.7578037, 40.8743369 ], "geometry": { "type": "Point", "coordinates": [ 37.7578037, 40.8743369 ] } },
{ "type": "Feature", "properties": { "Il_Adi": "ORDU", "Ilce_Adi": "ÜNYE", "TİPİ": "İLÇE" }, "bbox": [ 37.2748052, 41.1201143, 37.2748052, 41.1201143 ], "geometry": { "type": "Point", "coordinates": [ 37.2748052, 41.1201143 ] } },
{ "type": "Feature", "properties": { "Il_Adi": "RİZE", "Ilce_Adi": "ARDEŞEN", "TİPİ": "İLÇE" }, "bbox": [ 40.9739512, 41.1759277, 40.9739512, 41.1759277 ], "geometry": { "type": "Point", "coordinates": [ 40.9739512, 41.1759277 ] } },
{ "type": "Feature", "properties": { "Il_Adi": "RİZE", "Ilce_Adi": "ÇAMLIHEMŞİN", "TİPİ": "İLÇE" }, "bbox": [ 41.0025855, 41.0491939, 41.0025855, 41.0491939 ], "geometry": { "type": "Point", "coordinates": [ 41.0025855, 41.0491939 ] } },
{ "type": "Feature", "properties": { "Il_Adi": "RİZE", "Ilce_Adi": "ÇAYELİ", "TİPİ": "İLÇE" }, "bbox": [ 40.7344674, 41.0779309, 40.7344674, 41.0779309 ], "geometry": { "type": "Point", "coordinates": [ 40.7344674, 41.0779309 ] } },
{ "type": "Feature", "properties": { "Il_Adi": "RİZE", "Ilce_Adi": "DEREPAZARI", "TİPİ": "İLÇE" }, "bbox": [ 40.4386473, 41.0133778, 40.4386473, 41.0133778 ], "geometry": { "type": "Point", "coordinates": [ 40.4386473, 41.0133778 ] } },
{ "type": "Feature", "properties": { "Il_Adi": "RİZE", "Ilce_Adi": "FINDIKLI", "TİPİ": "İLÇE" }, "bbox": [ 41.156359, 41.2637499, 41.156359, 41.2637499 ], "geometry": { "type": "Point", "coordinates": [ 41.156359, 41.2637499 ] } },
{ "type": "Feature", "properties": { "Il_Adi": "RİZE", "Ilce_Adi": "GÜNEYSU", "TİPİ": "İLÇE" }, "bbox": [ 40.6157215, 40.9868955, 40.6157215, 40.9868955 ], "geometry": { "type": "Point", "coordinates": [ 40.6157215, 40.9868955 ] } },
{ "type": "Feature", "properties": { "Il_Adi": "RİZE", "Ilce_Adi": "HEMŞİN", "TİPİ": "İLÇE" }, "bbox": [ 40.8990302, 41.0477949, 40.8990302, 41.0477949 ], "geometry": { "type": "Point", "coordinates": [ 40.8990302, 41.0477949 ] } },
{ "type": "Feature", "properties": { "Il_Adi": "RİZE", "Ilce_Adi": "İKİZDERE", "TİPİ": "İLÇE" }, "bbox": [ 40.5604663, 40.7776869, 40.5604663, 40.7776869 ], "geometry": { "type": "Point", "coordinates": [ 40.5604663, 40.7776869 ] } },
{ "type": "Feature", "properties": { "Il_Adi": "RİZE", "Ilce_Adi": "İYİDERE", "TİPİ": "İLÇE" }, "bbox": [ 40.3568833, 40.9879113, 40.3568833, 40.9879113 ], "geometry": { "type": "Point", "coordinates": [ 40.3568833, 40.9879113 ] } },
{ "type": "Feature", "properties": { "Il_Adi": "RİZE", "Ilce_Adi": "KALKANDERE", "TİPİ": "İLÇE" }, "bbox": [ 40.4419005, 40.9278625, 40.4419005, 40.9278625 ], "geometry": { "type": "Point", "coordinates": [ 40.4419005, 40.9278625 ] } },
{ "type": "Feature", "properties": { "Il_Adi": "RİZE", "Ilce_Adi": "PAZAR", "TİPİ": "İLÇE" }, "bbox": [ 40.8994979, 41.1617395, 40.8994979, 41.1617395 ], "geometry": { "type": "Point", "coordinates": [ 40.8994979, 41.1617395 ] } },
{ "type": "Feature", "properties": { "Il_Adi": "SAKARYA", "Ilce_Adi": "AKYAZI", "TİPİ": "İLÇE" }, "bbox": [ 30.6243994, 40.6845145, 30.6243994, 40.6845145 ], "geometry": { "type": "Point", "coordinates": [ 30.6243994, 40.6845145 ] } },
{ "type": "Feature", "properties": { "Il_Adi": "SAKARYA", "Ilce_Adi": "FERİZLİ", "TİPİ": "İLÇE" }, "bbox": [ 30.4952432, 40.9413459, 30.4952432, 40.9413459 ], "geometry": { "type": "Point", "coordinates": [ 30.4952432, 40.9413459 ] } },
{ "type": "Feature", "properties": { "Il_Adi": "SAKARYA", "Ilce_Adi": "GEYVE", "TİPİ": "İLÇE" }, "bbox": [ 30.2898401, 40.5105059, 30.2898401, 40.5105059 ], "geometry": { "type": "Point", "coordinates": [ 30.2898401, 40.5105059 ] } },
{ "type": "Feature", "properties": { "Il_Adi": "SAKARYA", "Ilce_Adi": "HENDEK", "TİPİ": "İLÇE" }, "bbox": [ 30.745382, 40.7986359, 30.745382, 40.7986359 ], "geometry": { "type": "Point", "coordinates": [ 30.745382, 40.7986359 ] } },
{ "type": "Feature", "properties": { "Il_Adi": "SAKARYA", "Ilce_Adi": "KARAPÜRÇEK", "TİPİ": "İLÇE" }, "bbox": [ 30.5383303, 40.6439781, 30.5383303, 40.6439781 ], "geometry": { "type": "Point", "coordinates": [ 30.5383303, 40.6439781 ] } },
{ "type": "Feature", "properties": { "Il_Adi": "SAKARYA", "Ilce_Adi": "KARASU", "TİPİ": "İLÇE" }, "bbox": [ 30.6912186, 41.0950747, 30.6912186, 41.0950747 ], "geometry": { "type": "Point", "coordinates": [ 30.6912186, 41.0950747 ] } },
{ "type": "Feature", "properties": { "Il_Adi": "SAKARYA", "Ilce_Adi": "KAYNARCA", "TİPİ": "İLÇE" }, "bbox": [ 30.3043294, 41.0355093, 30.3043294, 41.0355093 ], "geometry": { "type": "Point", "coordinates": [ 30.3043294, 41.0355093 ] } },
{ "type": "Feature", "properties": { "Il_Adi": "SAKARYA", "Ilce_Adi": "KOCAALİ", "TİPİ": "İLÇE" }, "bbox": [ 30.8520199, 41.0564827, 30.8520199, 41.0564827 ], "geometry": { "type": "Point", "coordinates": [ 30.8520199, 41.0564827 ] } },
{ "type": "Feature", "properties": { "Il_Adi": "SAKARYA", "Ilce_Adi": "PAMUKOVA", "TİPİ": "İLÇE" }, "bbox": [ 30.1683147, 40.5098416, 30.1683147, 40.5098416 ], "geometry": { "type": "Point", "coordinates": [ 30.1683147, 40.5098416 ] } },
{ "type": "Feature", "properties": { "Il_Adi": "SAKARYA", "Ilce_Adi": "SAPANCA", "TİPİ": "İLÇE" }, "bbox": [ 30.2625301, 40.6940604, 30.2625301, 40.6940604 ], "geometry": { "type": "Point", "coordinates": [ 30.2625301, 40.6940604 ] } },
{ "type": "Feature", "properties": { "Il_Adi": "SAKARYA", "Ilce_Adi": "SÖĞÜTLÜ", "TİPİ": "İLÇE" }, "bbox": [ 30.47884, 40.89887, 30.47884, 40.89887 ], "geometry": { "type": "Point", "coordinates": [ 30.47884, 40.89887 ] } },
{ "type": "Feature", "properties": { "Il_Adi": "SAKARYA", "Ilce_Adi": "TARAKLI", "TİPİ": "İLÇE" }, "bbox": [ 30.4931032, 40.3984474, 30.4931032, 40.3984474 ], "geometry": { "type": "Point", "coordinates": [ 30.4931032, 40.3984474 ] } },
{ "type": "Feature", "properties": { "Il_Adi": "SAKARYA", "Ilce_Adi": "ADAPAZARI", "TİPİ": "İLÇE" }, "bbox": [ 30.4007709, 40.7866031, 30.4007709, 40.7866031 ], "geometry": { "type": "Point", "coordinates": [ 30.4007709, 40.7866031 ] } },
{ "type": "Feature", "properties": { "Il_Adi": "SAKARYA", "Ilce_Adi": "ARİFİYE", "TİPİ": "İLÇE" }, "bbox": [ 30.3589272, 40.7102688, 30.3589272, 40.7102688 ], "geometry": { "type": "Point", "coordinates": [ 30.3589272, 40.7102688 ] } },
{ "type": "Feature", "properties": { "Il_Adi": "SAKARYA", "Ilce_Adi": "ERENLER", "TİPİ": "İLÇE" }, "bbox": [ 30.4064842, 40.7497046, 30.4064842, 40.7497046 ], "geometry": { "type": "Point", "coordinates": [ 30.4064842, 40.7497046 ] } },
{ "type": "Feature", "properties": { "Il_Adi": "SAKARYA", "Ilce_Adi": "SERDİVAN", "TİPİ": "İLÇE" }, "bbox": [ 30.3336208, 40.8171841, 30.3336208, 40.8171841 ], "geometry": { "type": "Point", "coordinates": [ 30.3336208, 40.8171841 ] } },
{ "type": "Feature", "properties": { "Il_Adi": "SAMSUN", "Ilce_Adi": "ATAKUM", "TİPİ": "İLÇE" }, "bbox": [ 36.2644569, 41.3247024, 36.2644569, 41.3247024 ], "geometry": { "type": "Point", "coordinates": [ 36.2644569, 41.3247024 ] } },
{ "type": "Feature", "properties": { "Il_Adi": "SAMSUN", "Ilce_Adi": "CANİK", "TİPİ": "İLÇE" }, "bbox": [ 36.3330149, 41.2519759, 36.3330149, 41.2519759 ], "geometry": { "type": "Point", "coordinates": [ 36.3330149, 41.2519759 ] } },
{ "type": "Feature", "properties": { "Il_Adi": "SAMSUN", "Ilce_Adi": "İLKADIM", "TİPİ": "İLÇE" }, "bbox": [ 36.2882852, 41.2895923, 36.2882852, 41.2895923 ], "geometry": { "type": "Point", "coordinates": [ 36.2882852, 41.2895923 ] } },
{ "type": "Feature", "properties": { "Il_Adi": "SAMSUN", "Ilce_Adi": "ALAÇAM", "TİPİ": "İLÇE" }, "bbox": [ 35.5982162, 41.6087631, 35.5982162, 41.6087631 ], "geometry": { "type": "Point", "coordinates": [ 35.5982162, 41.6087631 ] } },
{ "type": "Feature", "properties": { "Il_Adi": "SAMSUN", "Ilce_Adi": "ASARCIK", "TİPİ": "İLÇE" }, "bbox": [ 36.2341061, 41.0365462, 36.2341061, 41.0365462 ], "geometry": { "type": "Point", "coordinates": [ 36.2341061, 41.0365462 ] } },
{ "type": "Feature", "properties": { "Il_Adi": "SAMSUN", "Ilce_Adi": "AYVACIK", "TİPİ": "İLÇE" }, "bbox": [ 36.6212346, 41.0031195, 36.6212346, 41.0031195 ], "geometry": { "type": "Point", "coordinates": [ 36.6212346, 41.0031195 ] } },
{ "type": "Feature", "properties": { "Il_Adi": "SAMSUN", "Ilce_Adi": "BAFRA", "TİPİ": "İLÇE" }, "bbox": [ 35.8787626, 41.5691506, 35.8787626, 41.5691506 ], "geometry": { "type": "Point", "coordinates": [ 35.8787626, 41.5691506 ] } },
{ "type": "Feature", "properties": { "Il_Adi": "SAMSUN", "Ilce_Adi": "ÇARŞAMBA", "TİPİ": "İLÇE" }, "bbox": [ 36.726431, 41.1959337, 36.726431, 41.1959337 ], "geometry": { "type": "Point", "coordinates": [ 36.726431, 41.1959337 ] } },
{ "type": "Feature", "properties": { "Il_Adi": "SAMSUN", "Ilce_Adi": "HAVZA", "TİPİ": "İLÇE" }, "bbox": [ 35.661651, 40.9617315, 35.661651, 40.9617315 ], "geometry": { "type": "Point", "coordinates": [ 35.661651, 40.9617315 ] } },
{ "type": "Feature", "properties": { "Il_Adi": "SAMSUN", "Ilce_Adi": "KAVAK", "TİPİ": "İLÇE" }, "bbox": [ 36.0419026, 41.0786032, 36.0419026, 41.0786032 ], "geometry": { "type": "Point", "coordinates": [ 36.0419026, 41.0786032 ] } },
{ "type": "Feature", "properties": { "Il_Adi": "SAMSUN", "Ilce_Adi": "LADİK", "TİPİ": "İLÇE" }, "bbox": [ 35.8897563, 40.9167576, 35.8897563, 40.9167576 ], "geometry": { "type": "Point", "coordinates": [ 35.8897563, 40.9167576 ] } },
{ "type": "Feature", "properties": { "Il_Adi": "SAMSUN", "Ilce_Adi": "19 MAYIS", "TİPİ": "İLÇE" }, "bbox": [ 36.0814042, 41.4938994, 36.0814042, 41.4938994 ], "geometry": { "type": "Point", "coordinates": [ 36.0814042, 41.4938994 ] } },
{ "type": "Feature", "properties": { "Il_Adi": "SAMSUN", "Ilce_Adi": "SALIPAZARI", "TİPİ": "İLÇE" }, "bbox": [ 36.8243724, 41.0829855, 36.8243724, 41.0829855 ], "geometry": { "type": "Point", "coordinates": [ 36.8243724, 41.0829855 ] } },
{ "type": "Feature", "properties": { "Il_Adi": "SAMSUN", "Ilce_Adi": "TEKKEKÖY", "TİPİ": "İLÇE" }, "bbox": [ 36.4517377, 41.2198631, 36.4517377, 41.2198631 ], "geometry": { "type": "Point", "coordinates": [ 36.4517377, 41.2198631 ] } },
{ "type": "Feature", "properties": { "Il_Adi": "SAMSUN", "Ilce_Adi": "TERME", "TİPİ": "İLÇE" }, "bbox": [ 36.9723694, 41.2088162, 36.9723694, 41.2088162 ], "geometry": { "type": "Point", "coordinates": [ 36.9723694, 41.2088162 ] } },
{ "type": "Feature", "properties": { "Il_Adi": "SAMSUN", "Ilce_Adi": "VEZİRKÖPRÜ", "TİPİ": "İLÇE" }, "bbox": [ 35.4666363, 41.1511581, 35.4666363, 41.1511581 ], "geometry": { "type": "Point", "coordinates": [ 35.4666363, 41.1511581 ] } },
{ "type": "Feature", "properties": { "Il_Adi": "SAMSUN", "Ilce_Adi": "YAKAKENT", "TİPİ": "İLÇE" }, "bbox": [ 35.5282324, 41.6198467, 35.5282324, 41.6198467 ], "geometry": { "type": "Point", "coordinates": [ 35.5282324, 41.6198467 ] } },
{ "type": "Feature", "properties": { "Il_Adi": "SİİRT", "Ilce_Adi": "TİLLO", "TİPİ": "İLÇE" }, "bbox": [ 42.0114301, 37.9488172, 42.0114301, 37.9488172 ], "geometry": { "type": "Point", "coordinates": [ 42.0114301, 37.9488172 ] } },
{ "type": "Feature", "properties": { "Il_Adi": "SİİRT", "Ilce_Adi": "BAYKAN", "TİPİ": "İLÇE" }, "bbox": [ 41.7798574, 38.1688463, 41.7798574, 38.1688463 ], "geometry": { "type": "Point", "coordinates": [ 41.7798574, 38.1688463 ] } },
{ "type": "Feature", "properties": { "Il_Adi": "SİİRT", "Ilce_Adi": "ERUH", "TİPİ": "İLÇE" }, "bbox": [ 42.1811978, 37.7489269, 42.1811978, 37.7489269 ], "geometry": { "type": "Point", "coordinates": [ 42.1811978, 37.7489269 ] } },
{ "type": "Feature", "properties": { "Il_Adi": "SİİRT", "Ilce_Adi": "KURTALAN", "TİPİ": "İLÇE" }, "bbox": [ 41.6849259, 37.9253311, 41.6849259, 37.9253311 ], "geometry": { "type": "Point", "coordinates": [ 41.6849259, 37.9253311 ] } },
{ "type": "Feature", "properties": { "Il_Adi": "SİİRT", "Ilce_Adi": "PERVARİ", "TİPİ": "İLÇE" }, "bbox": [ 42.5467506, 37.9332728, 42.5467506, 37.9332728 ], "geometry": { "type": "Point", "coordinates": [ 42.5467506, 37.9332728 ] } },
{ "type": "Feature", "properties": { "Il_Adi": "SİİRT", "Ilce_Adi": "ŞİRVAN", "TİPİ": "İLÇE" }, "bbox": [ 42.0251738, 38.0625097, 42.0251738, 38.0625097 ], "geometry": { "type": "Point", "coordinates": [ 42.0251738, 38.0625097 ] } },
{ "type": "Feature", "properties": { "Il_Adi": "SİNOP", "Ilce_Adi": "AYANCIK", "TİPİ": "İLÇE" }, "bbox": [ 34.5887354, 41.931672, 34.5887354, 41.931672 ], "geometry": { "type": "Point", "coordinates": [ 34.5887354, 41.931672 ] } },
{ "type": "Feature", "properties": { "Il_Adi": "SİNOP", "Ilce_Adi": "BOYABAT", "TİPİ": "İLÇE" }, "bbox": [ 34.7789754, 41.4714913, 34.7789754, 41.4714913 ], "geometry": { "type": "Point", "coordinates": [ 34.7789754, 41.4714913 ] } },
{ "type": "Feature", "properties": { "Il_Adi": "SİNOP", "Ilce_Adi": "DİKMEN", "TİPİ": "İLÇE" }, "bbox": [ 35.2637031, 41.6514161, 35.2637031, 41.6514161 ], "geometry": { "type": "Point", "coordinates": [ 35.2637031, 41.6514161 ] } },
{ "type": "Feature", "properties": { "Il_Adi": "SİNOP", "Ilce_Adi": "DURAĞAN", "TİPİ": "İLÇE" }, "bbox": [ 35.0580906, 41.4161558, 35.0580906, 41.4161558 ], "geometry": { "type": "Point", "coordinates": [ 35.0580906, 41.4161558 ] } },
{ "type": "Feature", "properties": { "Il_Adi": "SİNOP", "Ilce_Adi": "ERFELEK", "TİPİ": "İLÇE" }, "bbox": [ 34.9042721, 41.9000546, 34.9042721, 41.9000546 ], "geometry": { "type": "Point", "coordinates": [ 34.9042721, 41.9000546 ] } },
{ "type": "Feature", "properties": { "Il_Adi": "SİNOP", "Ilce_Adi": "GERZE", "TİPİ": "İLÇE" }, "bbox": [ 35.1714319, 41.7966712, 35.1714319, 41.7966712 ], "geometry": { "type": "Point", "coordinates": [ 35.1714319, 41.7966712 ] } },
{ "type": "Feature", "properties": { "Il_Adi": "SİNOP", "Ilce_Adi": "SARAYDÜZÜ", "TİPİ": "İLÇE" }, "bbox": [ 34.8480457, 41.3296521, 34.8480457, 41.3296521 ], "geometry": { "type": "Point", "coordinates": [ 34.8480457, 41.3296521 ] } },
{ "type": "Feature", "properties": { "Il_Adi": "SİNOP", "Ilce_Adi": "TÜRKELİ", "TİPİ": "İLÇE" }, "bbox": [ 34.311093, 41.9260791, 34.311093, 41.9260791 ], "geometry": { "type": "Point", "coordinates": [ 34.311093, 41.9260791 ] } },
{ "type": "Feature", "properties": { "Il_Adi": "SİVAS", "Ilce_Adi": "AKINCILAR", "TİPİ": "İLÇE" }, "bbox": [ 38.3467231, 40.0782796, 38.3467231, 40.0782796 ], "geometry": { "type": "Point", "coordinates": [ 38.3467231, 40.0782796 ] } },
{ "type": "Feature", "properties": { "Il_Adi": "SİVAS", "Ilce_Adi": "ALTINYAYLA", "TİPİ": "İLÇE" }, "bbox": [ 36.7513112, 39.2679872, 36.7513112, 39.2679872 ], "geometry": { "type": "Point", "coordinates": [ 36.7513112, 39.2679872 ] } },
{ "type": "Feature", "properties": { "Il_Adi": "SİVAS", "Ilce_Adi": "DİVRİĞİ", "TİPİ": "İLÇE" }, "bbox": [ 38.1061765, 39.3673681, 38.1061765, 39.3673681 ], "geometry": { "type": "Point", "coordinates": [ 38.1061765, 39.3673681 ] } },
{ "type": "Feature", "properties": { "Il_Adi": "SİVAS", "Ilce_Adi": "DOĞANŞAR", "TİPİ": "İLÇE" }, "bbox": [ 37.5398594, 40.2137129, 37.5398594, 40.2137129 ], "geometry": { "type": "Point", "coordinates": [ 37.5398594, 40.2137129 ] } },
{ "type": "Feature", "properties": { "Il_Adi": "SİVAS", "Ilce_Adi": "GEMEREK", "TİPİ": "İLÇE" }, "bbox": [ 36.0596044, 39.1804991, 36.0596044, 39.1804991 ], "geometry": { "type": "Point", "coordinates": [ 36.0596044, 39.1804991 ] } },
{ "type": "Feature", "properties": { "Il_Adi": "SİVAS", "Ilce_Adi": "GÖLOVA", "TİPİ": "İLÇE" }, "bbox": [ 38.6125701, 40.0696362, 38.6125701, 40.0696362 ], "geometry": { "type": "Point", "coordinates": [ 38.6125701, 40.0696362 ] } },
{ "type": "Feature", "properties": { "Il_Adi": "SİVAS", "Ilce_Adi": "GÜRÜN", "TİPİ": "İLÇE" }, "bbox": [ 37.2686934, 38.714733, 37.2686934, 38.714733 ], "geometry": { "type": "Point", "coordinates": [ 37.2686934, 38.714733 ] } },
{ "type": "Feature", "properties": { "Il_Adi": "SİVAS", "Ilce_Adi": "HAFİK", "TİPİ": "İLÇE" }, "bbox": [ 37.3868273, 39.8551402, 37.3868273, 39.8551402 ], "geometry": { "type": "Point", "coordinates": [ 37.3868273, 39.8551402 ] } },
{ "type": "Feature", "properties": { "Il_Adi": "SİVAS", "Ilce_Adi": "İMRANLI", "TİPİ": "İLÇE" }, "bbox": [ 38.1113543, 39.8719642, 38.1113543, 39.8719642 ], "geometry": { "type": "Point", "coordinates": [ 38.1113543, 39.8719642 ] } },
{ "type": "Feature", "properties": { "Il_Adi": "SİVAS", "Ilce_Adi": "KANGAL", "TİPİ": "İLÇE" }, "bbox": [ 37.3895744, 39.2335175, 37.3895744, 39.2335175 ], "geometry": { "type": "Point", "coordinates": [ 37.3895744, 39.2335175 ] } },
{ "type": "Feature", "properties": { "Il_Adi": "SİVAS", "Ilce_Adi": "KOYULHİSAR", "TİPİ": "İLÇE" }, "bbox": [ 37.8348566, 40.294517, 37.8348566, 40.294517 ], "geometry": { "type": "Point", "coordinates": [ 37.8348566, 40.294517 ] } },
{ "type": "Feature", "properties": { "Il_Adi": "SİVAS", "Ilce_Adi": "SUŞEHRİ", "TİPİ": "İLÇE" }, "bbox": [ 38.0846029, 40.1709045, 38.0846029, 40.1709045 ], "geometry": { "type": "Point", "coordinates": [ 38.0846029, 40.1709045 ] } },
{ "type": "Feature", "properties": { "Il_Adi": "SİVAS", "Ilce_Adi": "ŞARKIŞLA", "TİPİ": "İLÇE" }, "bbox": [ 36.4005574, 39.3507695, 36.4005574, 39.3507695 ], "geometry": { "type": "Point", "coordinates": [ 36.4005574, 39.3507695 ] } },
{ "type": "Feature", "properties": { "Il_Adi": "SİVAS", "Ilce_Adi": "ULAŞ", "TİPİ": "İLÇE" }, "bbox": [ 37.0361337, 39.4443218, 37.0361337, 39.4443218 ], "geometry": { "type": "Point", "coordinates": [ 37.0361337, 39.4443218 ] } },
{ "type": "Feature", "properties": { "Il_Adi": "SİVAS", "Ilce_Adi": "YILDIZELİ", "TİPİ": "İLÇE" }, "bbox": [ 36.600846, 39.8665456, 36.600846, 39.8665456 ], "geometry": { "type": "Point", "coordinates": [ 36.600846, 39.8665456 ] } },
{ "type": "Feature", "properties": { "Il_Adi": "SİVAS", "Ilce_Adi": "ZARA", "TİPİ": "İLÇE" }, "bbox": [ 37.7571559, 39.8966889, 37.7571559, 39.8966889 ], "geometry": { "type": "Point", "coordinates": [ 37.7571559, 39.8966889 ] } },
{ "type": "Feature", "properties": { "Il_Adi": "TEKİRDAĞ", "Ilce_Adi": "ÇERKEZKÖY", "TİPİ": "İLÇE" }, "bbox": [ 27.9989417, 41.2659021, 27.9989417, 41.2659021 ], "geometry": { "type": "Point", "coordinates": [ 27.9989417, 41.2659021 ] } },
{ "type": "Feature", "properties": { "Il_Adi": "TEKİRDAĞ", "Ilce_Adi": "ÇORLU", "TİPİ": "İLÇE" }, "bbox": [ 27.7986333, 41.1638177, 27.7986333, 41.1638177 ], "geometry": { "type": "Point", "coordinates": [ 27.7986333, 41.1638177 ] } },
{ "type": "Feature", "properties": { "Il_Adi": "TEKİRDAĞ", "Ilce_Adi": "HAYRABOLU", "TİPİ": "İLÇE" }, "bbox": [ 27.1077206, 41.2147285, 27.1077206, 41.2147285 ], "geometry": { "type": "Point", "coordinates": [ 27.1077206, 41.2147285 ] } },
{ "type": "Feature", "properties": { "Il_Adi": "TEKİRDAĞ", "Ilce_Adi": "MALKARA", "TİPİ": "İLÇE" }, "bbox": [ 26.8931634, 40.8933297, 26.8931634, 40.8933297 ], "geometry": { "type": "Point", "coordinates": [ 26.8931634, 40.8933297 ] } },
{ "type": "Feature", "properties": { "Il_Adi": "TEKİRDAĞ", "Ilce_Adi": "MARMARA EREĞLİSİ", "TİPİ": "İLÇE" }, "bbox": [ 27.9339108, 40.9831521, 27.9339108, 40.9831521 ], "geometry": { "type": "Point", "coordinates": [ 27.9339108, 40.9831521 ] } },
{ "type": "Feature", "properties": { "Il_Adi": "TEKİRDAĞ", "Ilce_Adi": "MURATLI", "TİPİ": "İLÇE" }, "bbox": [ 27.4990392, 41.1731621, 27.4990392, 41.1731621 ], "geometry": { "type": "Point", "coordinates": [ 27.4990392, 41.1731621 ] } },
{ "type": "Feature", "properties": { "Il_Adi": "TEKİRDAĞ", "Ilce_Adi": "SARAY", "TİPİ": "İLÇE" }, "bbox": [ 27.9202127, 41.444038, 27.9202127, 41.444038 ], "geometry": { "type": "Point", "coordinates": [ 27.9202127, 41.444038 ] } },
{ "type": "Feature", "properties": { "Il_Adi": "TEKİRDAĞ", "Ilce_Adi": "ŞARKÖY", "TİPİ": "İLÇE" }, "bbox": [ 27.102797, 40.6247313, 27.102797, 40.6247313 ], "geometry": { "type": "Point", "coordinates": [ 27.102797, 40.6247313 ] } },
{ "type": "Feature", "properties": { "Il_Adi": "TOKAT", "Ilce_Adi": "ALMUS", "TİPİ": "İLÇE" }, "bbox": [ 36.8920508, 40.3819348, 36.8920508, 40.3819348 ], "geometry": { "type": "Point", "coordinates": [ 36.8920508, 40.3819348 ] } },
{ "type": "Feature", "properties": { "Il_Adi": "TOKAT", "Ilce_Adi": "ARTOVA", "TİPİ": "İLÇE" }, "bbox": [ 36.3062886, 40.110504, 36.3062886, 40.110504 ], "geometry": { "type": "Point", "coordinates": [ 36.3062886, 40.110504 ] } },
{ "type": "Feature", "properties": { "Il_Adi": "TOKAT", "Ilce_Adi": "BAŞÇİFTLİK", "TİPİ": "İLÇE" }, "bbox": [ 37.1696358, 40.5455669, 37.1696358, 40.5455669 ], "geometry": { "type": "Point", "coordinates": [ 37.1696358, 40.5455669 ] } },
{ "type": "Feature", "properties": { "Il_Adi": "TOKAT", "Ilce_Adi": "ERBAA", "TİPİ": "İLÇE" }, "bbox": [ 36.5662493, 40.672944, 36.5662493, 40.672944 ], "geometry": { "type": "Point", "coordinates": [ 36.5662493, 40.672944 ] } },
{ "type": "Feature", "properties": { "Il_Adi": "TOKAT", "Ilce_Adi": "NİKSAR", "TİPİ": "İLÇE" }, "bbox": [ 36.9443916, 40.5909407, 36.9443916, 40.5909407 ], "geometry": { "type": "Point", "coordinates": [ 36.9443916, 40.5909407 ] } },
{ "type": "Feature", "properties": { "Il_Adi": "TOKAT", "Ilce_Adi": "PAZAR", "TİPİ": "İLÇE" }, "bbox": [ 36.2831295, 40.2759093, 36.2831295, 40.2759093 ], "geometry": { "type": "Point", "coordinates": [ 36.2831295, 40.2759093 ] } },
{ "type": "Feature", "properties": { "Il_Adi": "TOKAT", "Ilce_Adi": "REŞADİYE", "TİPİ": "İLÇE" }, "bbox": [ 37.3386413, 40.392975, 37.3386413, 40.392975 ], "geometry": { "type": "Point", "coordinates": [ 37.3386413, 40.392975 ] } },
{ "type": "Feature", "properties": { "Il_Adi": "TOKAT", "Ilce_Adi": "SULUSARAY", "TİPİ": "İLÇE" }, "bbox": [ 36.0757401, 39.9863372, 36.0757401, 39.9863372 ], "geometry": { "type": "Point", "coordinates": [ 36.0757401, 39.9863372 ] } },
{ "type": "Feature", "properties": { "Il_Adi": "TOKAT", "Ilce_Adi": "TURHAL", "TİPİ": "İLÇE" }, "bbox": [ 36.0841376, 40.3825459, 36.0841376, 40.3825459 ], "geometry": { "type": "Point", "coordinates": [ 36.0841376, 40.3825459 ] } },
{ "type": "Feature", "properties": { "Il_Adi": "TOKAT", "Ilce_Adi": "YEŞİLYURT", "TİPİ": "İLÇE" }, "bbox": [ 36.2175706, 40.0103473, 36.2175706, 40.0103473 ], "geometry": { "type": "Point", "coordinates": [ 36.2175706, 40.0103473 ] } },
{ "type": "Feature", "properties": { "Il_Adi": "TOKAT", "Ilce_Adi": "ZİLE", "TİPİ": "İLÇE" }, "bbox": [ 35.8824851, 40.2989207, 35.8824851, 40.2989207 ], "geometry": { "type": "Point", "coordinates": [ 35.8824851, 40.2989207 ] } },
{ "type": "Feature", "properties": { "Il_Adi": "TRABZON", "Ilce_Adi": "AKÇAABAT", "TİPİ": "İLÇE" }, "bbox": [ 39.5794156, 41.0033279, 39.5794156, 41.0033279 ], "geometry": { "type": "Point", "coordinates": [ 39.5794156, 41.0033279 ] } },
{ "type": "Feature", "properties": { "Il_Adi": "TRABZON", "Ilce_Adi": "ARAKLI", "TİPİ": "İLÇE" }, "bbox": [ 40.0456734, 40.9269305, 40.0456734, 40.9269305 ], "geometry": { "type": "Point", "coordinates": [ 40.0456734, 40.9269305 ] } },
{ "type": "Feature", "properties": { "Il_Adi": "TRABZON", "Ilce_Adi": "ARSİN", "TİPİ": "İLÇE" }, "bbox": [ 39.9393904, 40.9419198, 39.9393904, 40.9419198 ], "geometry": { "type": "Point", "coordinates": [ 39.9393904, 40.9419198 ] } },
{ "type": "Feature", "properties": { "Il_Adi": "TRABZON", "Ilce_Adi": "BEŞİKDÜZÜ", "TİPİ": "İLÇE" }, "bbox": [ 39.2145967, 41.0433949, 39.2145967, 41.0433949 ], "geometry": { "type": "Point", "coordinates": [ 39.2145967, 41.0433949 ] } },
{ "type": "Feature", "properties": { "Il_Adi": "TRABZON", "Ilce_Adi": "ÇARŞIBAŞI", "TİPİ": "İLÇE" }, "bbox": [ 39.3857292, 41.0714411, 39.3857292, 41.0714411 ], "geometry": { "type": "Point", "coordinates": [ 39.3857292, 41.0714411 ] } },
{ "type": "Feature", "properties": { "Il_Adi": "TRABZON", "Ilce_Adi": "ÇAYKARA", "TİPİ": "İLÇE" }, "bbox": [ 40.2437299, 40.7468541, 40.2437299, 40.7468541 ], "geometry": { "type": "Point", "coordinates": [ 40.2437299, 40.7468541 ] } },
{ "type": "Feature", "properties": { "Il_Adi": "TRABZON", "Ilce_Adi": "DERNEKPAZARI", "TİPİ": "İLÇE" }, "bbox": [ 40.2536017, 40.7994456, 40.2536017, 40.7994456 ], "geometry": { "type": "Point", "coordinates": [ 40.2536017, 40.7994456 ] } },
{ "type": "Feature", "properties": { "Il_Adi": "TRABZON", "Ilce_Adi": "DÜZKÖY", "TİPİ": "İLÇE" }, "bbox": [ 39.4248727, 40.8748388, 39.4248727, 40.8748388 ], "geometry": { "type": "Point", "coordinates": [ 39.4248727, 40.8748388 ] } },
{ "type": "Feature", "properties": { "Il_Adi": "TRABZON", "Ilce_Adi": "HAYRAT", "TİPİ": "İLÇE" }, "bbox": [ 40.3680494, 40.8886768, 40.3680494, 40.8886768 ], "geometry": { "type": "Point", "coordinates": [ 40.3680494, 40.8886768 ] } },
{ "type": "Feature", "properties": { "Il_Adi": "TRABZON", "Ilce_Adi": "KÖPRÜBAŞI", "TİPİ": "İLÇE" }, "bbox": [ 40.1312323, 40.800418, 40.1312323, 40.800418 ], "geometry": { "type": "Point", "coordinates": [ 40.1312323, 40.800418 ] } },
{ "type": "Feature", "properties": { "Il_Adi": "TRABZON", "Ilce_Adi": "MAÇKA", "TİPİ": "İLÇE" }, "bbox": [ 39.6132244, 40.8113828, 39.6132244, 40.8113828 ], "geometry": { "type": "Point", "coordinates": [ 39.6132244, 40.8113828 ] } },
{ "type": "Feature", "properties": { "Il_Adi": "TRABZON", "Ilce_Adi": "OF", "TİPİ": "İLÇE" }, "bbox": [ 40.2762735, 40.9324271, 40.2762735, 40.9324271 ], "geometry": { "type": "Point", "coordinates": [ 40.2762735, 40.9324271 ] } },
{ "type": "Feature", "properties": { "Il_Adi": "TRABZON", "Ilce_Adi": "SÜRMENE", "TİPİ": "İLÇE" }, "bbox": [ 40.1146489, 40.8995737, 40.1146489, 40.8995737 ], "geometry": { "type": "Point", "coordinates": [ 40.1146489, 40.8995737 ] } },
{ "type": "Feature", "properties": { "Il_Adi": "TRABZON", "Ilce_Adi": "ŞALPAZARI", "TİPİ": "İLÇE" }, "bbox": [ 39.1948337, 40.9425692, 39.1948337, 40.9425692 ], "geometry": { "type": "Point", "coordinates": [ 39.1948337, 40.9425692 ] } },
{ "type": "Feature", "properties": { "Il_Adi": "TRABZON", "Ilce_Adi": "TONYA", "TİPİ": "İLÇE" }, "bbox": [ 39.2902156, 40.8848952, 39.2902156, 40.8848952 ], "geometry": { "type": "Point", "coordinates": [ 39.2902156, 40.8848952 ] } },
{ "type": "Feature", "properties": { "Il_Adi": "TRABZON", "Ilce_Adi": "VAKFIKEBİR", "TİPİ": "İLÇE" }, "bbox": [ 39.2749326, 41.0337825, 39.2749326, 41.0337825 ], "geometry": { "type": "Point", "coordinates": [ 39.2749326, 41.0337825 ] } },
{ "type": "Feature", "properties": { "Il_Adi": "TRABZON", "Ilce_Adi": "YOMRA", "TİPİ": "İLÇE" }, "bbox": [ 39.8621625, 40.9430657, 39.8621625, 40.9430657 ], "geometry": { "type": "Point", "coordinates": [ 39.8621625, 40.9430657 ] } },
{ "type": "Feature", "properties": { "Il_Adi": "TUNCELİ", "Ilce_Adi": "HOZAT", "TİPİ": "İLÇE" }, "bbox": [ 39.2281827, 39.10062, 39.2281827, 39.10062 ], "geometry": { "type": "Point", "coordinates": [ 39.2281827, 39.10062 ] } },
{ "type": "Feature", "properties": { "Il_Adi": "TUNCELİ", "Ilce_Adi": "MAZGİRT", "TİPİ": "İLÇE" }, "bbox": [ 39.6064485, 39.0184596, 39.6064485, 39.0184596 ], "geometry": { "type": "Point", "coordinates": [ 39.6064485, 39.0184596 ] } },
{ "type": "Feature", "properties": { "Il_Adi": "TUNCELİ", "Ilce_Adi": "NAZIMİYE", "TİPİ": "İLÇE" }, "bbox": [ 39.8219682, 39.1786775, 39.8219682, 39.1786775 ], "geometry": { "type": "Point", "coordinates": [ 39.8219682, 39.1786775 ] } },
{ "type": "Feature", "properties": { "Il_Adi": "TUNCELİ", "Ilce_Adi": "OVACIK", "TİPİ": "İLÇE" }, "bbox": [ 39.2164731, 39.3577495, 39.2164731, 39.3577495 ], "geometry": { "type": "Point", "coordinates": [ 39.2164731, 39.3577495 ] } },
{ "type": "Feature", "properties": { "Il_Adi": "TUNCELİ", "Ilce_Adi": "PERTEK", "TİPİ": "İLÇE" }, "bbox": [ 39.3227325, 38.8657433, 39.3227325, 38.8657433 ], "geometry": { "type": "Point", "coordinates": [ 39.3227325, 38.8657433 ] } },
{ "type": "Feature", "properties": { "Il_Adi": "TUNCELİ", "Ilce_Adi": "PÜLÜMÜR", "TİPİ": "İLÇE" }, "bbox": [ 39.8982766, 39.4851362, 39.8982766, 39.4851362 ], "geometry": { "type": "Point", "coordinates": [ 39.8982766, 39.4851362 ] } },
{ "type": "Feature", "properties": { "Il_Adi": "ŞANLIURFA", "Ilce_Adi": "AKÇAKALE", "TİPİ": "İLÇE" }, "bbox": [ 38.9428999, 36.7219153, 38.9428999, 36.7219153 ], "geometry": { "type": "Point", "coordinates": [ 38.9428999, 36.7219153 ] } },
{ "type": "Feature", "properties": { "Il_Adi": "ŞANLIURFA", "Ilce_Adi": "BİRECİK", "TİPİ": "İLÇE" }, "bbox": [ 37.977003, 37.0231812, 37.977003, 37.0231812 ], "geometry": { "type": "Point", "coordinates": [ 37.977003, 37.0231812 ] } },
{ "type": "Feature", "properties": { "Il_Adi": "ŞANLIURFA", "Ilce_Adi": "BOZOVA", "TİPİ": "İLÇE" }, "bbox": [ 38.5257392, 37.3601543, 38.5257392, 37.3601543 ], "geometry": { "type": "Point", "coordinates": [ 38.5257392, 37.3601543 ] } },
{ "type": "Feature", "properties": { "Il_Adi": "ŞANLIURFA", "Ilce_Adi": "CEYLANPINAR", "TİPİ": "İLÇE" }, "bbox": [ 40.0510022, 36.8541937, 40.0510022, 36.8541937 ], "geometry": { "type": "Point", "coordinates": [ 40.0510022, 36.8541937 ] } },
{ "type": "Feature", "properties": { "Il_Adi": "ŞANLIURFA", "Ilce_Adi": "HALFETİ", "TİPİ": "İLÇE" }, "bbox": [ 37.8702322, 37.2454573, 37.8702322, 37.2454573 ], "geometry": { "type": "Point", "coordinates": [ 37.8702322, 37.2454573 ] } },
{ "type": "Feature", "properties": { "Il_Adi": "ŞANLIURFA", "Ilce_Adi": "HARRAN", "TİPİ": "İLÇE" }, "bbox": [ 39.0336554, 36.8600683, 39.0336554, 36.8600683 ], "geometry": { "type": "Point", "coordinates": [ 39.0336554, 36.8600683 ] } },
{ "type": "Feature", "properties": { "Il_Adi": "ŞANLIURFA", "Ilce_Adi": "HİLVAN", "TİPİ": "İLÇE" }, "bbox": [ 38.9546934, 37.5870506, 38.9546934, 37.5870506 ], "geometry": { "type": "Point", "coordinates": [ 38.9546934, 37.5870506 ] } },
{ "type": "Feature", "properties": { "Il_Adi": "ŞANLIURFA", "Ilce_Adi": "SİVEREK", "TİPİ": "İLÇE" }, "bbox": [ 39.3178183, 37.7482503, 39.3178183, 37.7482503 ], "geometry": { "type": "Point", "coordinates": [ 39.3178183, 37.7482503 ] } },
{ "type": "Feature", "properties": { "Il_Adi": "ŞANLIURFA", "Ilce_Adi": "SURUÇ", "TİPİ": "İLÇE" }, "bbox": [ 38.4258621, 36.9772261, 38.4258621, 36.9772261 ], "geometry": { "type": "Point", "coordinates": [ 38.4258621, 36.9772261 ] } },
{ "type": "Feature", "properties": { "Il_Adi": "ŞANLIURFA", "Ilce_Adi": "VİRANŞEHİR", "TİPİ": "İLÇE" }, "bbox": [ 39.7626248, 37.2310801, 39.7626248, 37.2310801 ], "geometry": { "type": "Point", "coordinates": [ 39.7626248, 37.2310801 ] } },
{ "type": "Feature", "properties": { "Il_Adi": "UŞAK", "Ilce_Adi": "BANAZ", "TİPİ": "İLÇE" }, "bbox": [ 29.7494845, 38.7347153, 29.7494845, 38.7347153 ], "geometry": { "type": "Point", "coordinates": [ 29.7494845, 38.7347153 ] } },
{ "type": "Feature", "properties": { "Il_Adi": "UŞAK", "Ilce_Adi": "EŞME", "TİPİ": "İLÇE" }, "bbox": [ 28.9581563, 38.3992455, 28.9581563, 38.3992455 ], "geometry": { "type": "Point", "coordinates": [ 28.9581563, 38.3992455 ] } },
{ "type": "Feature", "properties": { "Il_Adi": "UŞAK", "Ilce_Adi": "KARAHALLI", "TİPİ": "İLÇE" }, "bbox": [ 29.5315033, 38.3222237, 29.5315033, 38.3222237 ], "geometry": { "type": "Point", "coordinates": [ 29.5315033, 38.3222237 ] } },
{ "type": "Feature", "properties": { "Il_Adi": "UŞAK", "Ilce_Adi": "SİVASLI", "TİPİ": "İLÇE" }, "bbox": [ 29.6804463, 38.4995627, 29.6804463, 38.4995627 ], "geometry": { "type": "Point", "coordinates": [ 29.6804463, 38.4995627 ] } },
{ "type": "Feature", "properties": { "Il_Adi": "UŞAK", "Ilce_Adi": "ULUBEY", "TİPİ": "İLÇE" }, "bbox": [ 29.2909895, 38.420882, 29.2909895, 38.420882 ], "geometry": { "type": "Point", "coordinates": [ 29.2909895, 38.420882 ] } },
{ "type": "Feature", "properties": { "Il_Adi": "VAN", "Ilce_Adi": "BAHÇESARAY", "TİPİ": "İLÇE" }, "bbox": [ 42.8208865, 38.1217837, 42.8208865, 38.1217837 ], "geometry": { "type": "Point", "coordinates": [ 42.8208865, 38.1217837 ] } },
{ "type": "Feature", "properties": { "Il_Adi": "VAN", "Ilce_Adi": "BAŞKALE", "TİPİ": "İLÇE" }, "bbox": [ 44.0170062, 38.0471279, 44.0170062, 38.0471279 ], "geometry": { "type": "Point", "coordinates": [ 44.0170062, 38.0471279 ] } },
{ "type": "Feature", "properties": { "Il_Adi": "VAN", "Ilce_Adi": "ÇALDIRAN", "TİPİ": "İLÇE" }, "bbox": [ 43.9007861, 39.1403497, 43.9007861, 39.1403497 ], "geometry": { "type": "Point", "coordinates": [ 43.9007861, 39.1403497 ] } },
{ "type": "Feature", "properties": { "Il_Adi": "VAN", "Ilce_Adi": "ÇATAK", "TİPİ": "İLÇE" }, "bbox": [ 43.0559665, 38.008289, 43.0559665, 38.008289 ], "geometry": { "type": "Point", "coordinates": [ 43.0559665, 38.008289 ] } },
{ "type": "Feature", "properties": { "Il_Adi": "VAN", "Ilce_Adi": "EDREMİT", "TİPİ": "İLÇE" }, "bbox": [ 43.2617042, 38.4086434, 43.2617042, 38.4086434 ], "geometry": { "type": "Point", "coordinates": [ 43.2617042, 38.4086434 ] } },
{ "type": "Feature", "properties": { "Il_Adi": "VAN", "Ilce_Adi": "ERCİŞ", "TİPİ": "İLÇE" }, "bbox": [ 43.3641525, 39.03462, 43.3641525, 39.03462 ], "geometry": { "type": "Point", "coordinates": [ 43.3641525, 39.03462 ] } },
{ "type": "Feature", "properties": { "Il_Adi": "VAN", "Ilce_Adi": "GEVAŞ", "TİPİ": "İLÇE" }, "bbox": [ 43.1091864, 38.2942086, 43.1091864, 38.2942086 ], "geometry": { "type": "Point", "coordinates": [ 43.1091864, 38.2942086 ] } },
{ "type": "Feature", "properties": { "Il_Adi": "VAN", "Ilce_Adi": "GÜRPINAR", "TİPİ": "İLÇE" }, "bbox": [ 43.4099115, 38.3237168, 43.4099115, 38.3237168 ], "geometry": { "type": "Point", "coordinates": [ 43.4099115, 38.3237168 ] } },
{ "type": "Feature", "properties": { "Il_Adi": "VAN", "Ilce_Adi": "MURADİYE", "TİPİ": "İLÇE" }, "bbox": [ 43.7635511, 38.9920372, 43.7635511, 38.9920372 ], "geometry": { "type": "Point", "coordinates": [ 43.7635511, 38.9920372 ] } },
{ "type": "Feature", "properties": { "Il_Adi": "VAN", "Ilce_Adi": "ÖZALP", "TİPİ": "İLÇE" }, "bbox": [ 43.9886933, 38.6545535, 43.9886933, 38.6545535 ], "geometry": { "type": "Point", "coordinates": [ 43.9886933, 38.6545535 ] } },
{ "type": "Feature", "properties": { "Il_Adi": "VAN", "Ilce_Adi": "SARAY", "TİPİ": "İLÇE" }, "bbox": [ 44.1720289, 38.643129, 44.1720289, 38.643129 ], "geometry": { "type": "Point", "coordinates": [ 44.1720289, 38.643129 ] } },
{ "type": "Feature", "properties": { "Il_Adi": "YOZGAT", "Ilce_Adi": "AKDAĞMADENİ", "TİPİ": "İLÇE" }, "bbox": [ 35.8835312, 39.6609336, 35.8835312, 39.6609336 ], "geometry": { "type": "Point", "coordinates": [ 35.8835312, 39.6609336 ] } },
{ "type": "Feature", "properties": { "Il_Adi": "YOZGAT", "Ilce_Adi": "AYDINCIK", "TİPİ": "İLÇE" }, "bbox": [ 35.2837409, 40.1259978, 35.2837409, 40.1259978 ], "geometry": { "type": "Point", "coordinates": [ 35.2837409, 40.1259978 ] } },
{ "type": "Feature", "properties": { "Il_Adi": "YOZGAT", "Ilce_Adi": "BOĞAZLIYAN", "TİPİ": "İLÇE" }, "bbox": [ 35.2466287, 39.1930105, 35.2466287, 39.1930105 ], "geometry": { "type": "Point", "coordinates": [ 35.2466287, 39.1930105 ] } },
{ "type": "Feature", "properties": { "Il_Adi": "YOZGAT", "Ilce_Adi": "ÇANDIR", "TİPİ": "İLÇE" }, "bbox": [ 35.5139954, 39.2458353, 35.5139954, 39.2458353 ], "geometry": { "type": "Point", "coordinates": [ 35.5139954, 39.2458353 ] } },
{ "type": "Feature", "properties": { "Il_Adi": "YOZGAT", "Ilce_Adi": "ÇAYIRALAN", "TİPİ": "İLÇE" }, "bbox": [ 35.6347963, 39.3047695, 35.6347963, 39.3047695 ], "geometry": { "type": "Point", "coordinates": [ 35.6347963, 39.3047695 ] } },
{ "type": "Feature", "properties": { "Il_Adi": "YOZGAT", "Ilce_Adi": "ÇEKEREK", "TİPİ": "İLÇE" }, "bbox": [ 35.4860432, 40.0739224, 35.4860432, 40.0739224 ], "geometry": { "type": "Point", "coordinates": [ 35.4860432, 40.0739224 ] } },
{ "type": "Feature", "properties": { "Il_Adi": "YOZGAT", "Ilce_Adi": "KADIŞEHRİ", "TİPİ": "İLÇE" }, "bbox": [ 35.7910824, 39.9978459, 35.7910824, 39.9978459 ], "geometry": { "type": "Point", "coordinates": [ 35.7910824, 39.9978459 ] } },
{ "type": "Feature", "properties": { "Il_Adi": "YOZGAT", "Ilce_Adi": "SARAYKENT", "TİPİ": "İLÇE" }, "bbox": [ 35.5114266, 39.6912032, 35.5114266, 39.6912032 ], "geometry": { "type": "Point", "coordinates": [ 35.5114266, 39.6912032 ] } },
{ "type": "Feature", "properties": { "Il_Adi": "YOZGAT", "Ilce_Adi": "SARIKAYA", "TİPİ": "İLÇE" }, "bbox": [ 35.3769894, 39.4940356, 35.3769894, 39.4940356 ], "geometry": { "type": "Point", "coordinates": [ 35.3769894, 39.4940356 ] } },
{ "type": "Feature", "properties": { "Il_Adi": "YOZGAT", "Ilce_Adi": "SORGUN", "TİPİ": "İLÇE" }, "bbox": [ 35.1822486, 39.8098414, 35.1822486, 39.8098414 ], "geometry": { "type": "Point", "coordinates": [ 35.1822486, 39.8098414 ] } },
{ "type": "Feature", "properties": { "Il_Adi": "YOZGAT", "Ilce_Adi": "ŞEFAATLİ", "TİPİ": "İLÇE" }, "bbox": [ 34.7584607, 39.4978325, 34.7584607, 39.4978325 ], "geometry": { "type": "Point", "coordinates": [ 34.7584607, 39.4978325 ] } },
{ "type": "Feature", "properties": { "Il_Adi": "YOZGAT", "Ilce_Adi": "YENİFAKILI", "TİPİ": "İLÇE" }, "bbox": [ 35.0037362, 39.2100568, 35.0037362, 39.2100568 ], "geometry": { "type": "Point", "coordinates": [ 35.0037362, 39.2100568 ] } },
{ "type": "Feature", "properties": { "Il_Adi": "YOZGAT", "Ilce_Adi": "YERKÖY", "TİPİ": "İLÇE" }, "bbox": [ 34.468651, 39.640753, 34.468651, 39.640753 ], "geometry": { "type": "Point", "coordinates": [ 34.468651, 39.640753 ] } },
{ "type": "Feature", "properties": { "Il_Adi": "ZONGULDAK", "Ilce_Adi": "ALAPLI", "TİPİ": "İLÇE" }, "bbox": [ 31.4001299, 41.1769892, 31.4001299, 41.1769892 ], "geometry": { "type": "Point", "coordinates": [ 31.4001299, 41.1769892 ] } },
{ "type": "Feature", "properties": { "Il_Adi": "ZONGULDAK", "Ilce_Adi": "ÇAYCUMA", "TİPİ": "İLÇE" }, "bbox": [ 32.0666321, 41.4210488, 32.0666321, 41.4210488 ], "geometry": { "type": "Point", "coordinates": [ 32.0666321, 41.4210488 ] } },
{ "type": "Feature", "properties": { "Il_Adi": "ZONGULDAK", "Ilce_Adi": "DEVREK", "TİPİ": "İLÇE" }, "bbox": [ 31.9503166, 41.2128789, 31.9503166, 41.2128789 ], "geometry": { "type": "Point", "coordinates": [ 31.9503166, 41.2128789 ] } },
{ "type": "Feature", "properties": { "Il_Adi": "ZONGULDAK", "Ilce_Adi": "EREĞLİ", "TİPİ": "İLÇE" }, "bbox": [ 31.4383871, 41.279826, 31.4383871, 41.279826 ], "geometry": { "type": "Point", "coordinates": [ 31.4383871, 41.279826 ] } },
{ "type": "Feature", "properties": { "Il_Adi": "ZONGULDAK", "Ilce_Adi": "GÖKÇEBEY", "TİPİ": "İLÇE" }, "bbox": [ 32.1399645, 41.3045258, 32.1399645, 41.3045258 ], "geometry": { "type": "Point", "coordinates": [ 32.1399645, 41.3045258 ] } },
{ "type": "Feature", "properties": { "Il_Adi": "AKSARAY", "Ilce_Adi": "AĞAÇÖREN", "TİPİ": "İLÇE" }, "bbox": [ 33.9178632, 38.8679653, 33.9178632, 38.8679653 ], "geometry": { "type": "Point", "coordinates": [ 33.9178632, 38.8679653 ] } },
{ "type": "Feature", "properties": { "Il_Adi": "AKSARAY", "Ilce_Adi": "ESKİL", "TİPİ": "İLÇE" }, "bbox": [ 33.408028, 38.3968223, 33.408028, 38.3968223 ], "geometry": { "type": "Point", "coordinates": [ 33.408028, 38.3968223 ] } },
{ "type": "Feature", "properties": { "Il_Adi": "AKSARAY", "Ilce_Adi": "GÜLAĞAÇ", "TİPİ": "İLÇE" }, "bbox": [ 34.3468825, 38.393338, 34.3468825, 38.393338 ], "geometry": { "type": "Point", "coordinates": [ 34.3468825, 38.393338 ] } },
{ "type": "Feature", "properties": { "Il_Adi": "AKSARAY", "Ilce_Adi": "GÜZELYURT", "TİPİ": "İLÇE" }, "bbox": [ 34.3728717, 38.2805285, 34.3728717, 38.2805285 ], "geometry": { "type": "Point", "coordinates": [ 34.3728717, 38.2805285 ] } },
{ "type": "Feature", "properties": { "Il_Adi": "AKSARAY", "Ilce_Adi": "ORTAKÖY", "TİPİ": "İLÇE" }, "bbox": [ 34.0392125, 38.7366593, 34.0392125, 38.7366593 ], "geometry": { "type": "Point", "coordinates": [ 34.0392125, 38.7366593 ] } },
{ "type": "Feature", "properties": { "Il_Adi": "AKSARAY", "Ilce_Adi": "SARIYAHŞİ", "TİPİ": "İLÇE" }, "bbox": [ 33.8427583, 38.9802918, 33.8427583, 38.9802918 ], "geometry": { "type": "Point", "coordinates": [ 33.8427583, 38.9802918 ] } },
{ "type": "Feature", "properties": { "Il_Adi": "BAYBURT", "Ilce_Adi": "AYDINTEPE", "TİPİ": "İLÇE" }, "bbox": [ 40.1427181, 40.3832545, 40.1427181, 40.3832545 ], "geometry": { "type": "Point", "coordinates": [ 40.1427181, 40.3832545 ] } },
{ "type": "Feature", "properties": { "Il_Adi": "BAYBURT", "Ilce_Adi": "DEMİRÖZÜ", "TİPİ": "İLÇE" }, "bbox": [ 39.8923929, 40.160234, 39.8923929, 40.160234 ], "geometry": { "type": "Point", "coordinates": [ 39.8923929, 40.160234 ] } },
{ "type": "Feature", "properties": { "Il_Adi": "KARAMAN", "Ilce_Adi": "AYRANCI", "TİPİ": "İLÇE" }, "bbox": [ 33.6907865, 37.3621129, 33.6907865, 37.3621129 ], "geometry": { "type": "Point", "coordinates": [ 33.6907865, 37.3621129 ] } },
{ "type": "Feature", "properties": { "Il_Adi": "KARAMAN", "Ilce_Adi": "BAŞYAYLA", "TİPİ": "İLÇE" }, "bbox": [ 32.6809639, 36.7528016, 32.6809639, 36.7528016 ], "geometry": { "type": "Point", "coordinates": [ 32.6809639, 36.7528016 ] } },
{ "type": "Feature", "properties": { "Il_Adi": "KARAMAN", "Ilce_Adi": "ERMENEK", "TİPİ": "İLÇE" }, "bbox": [ 32.8881405, 36.6399172, 32.8881405, 36.6399172 ], "geometry": { "type": "Point", "coordinates": [ 32.8881405, 36.6399172 ] } },
{ "type": "Feature", "properties": { "Il_Adi": "KARAMAN", "Ilce_Adi": "KAZIMKARABEKİR", "TİPİ": "İLÇE" }, "bbox": [ 32.9585349, 37.2263875, 32.9585349, 37.2263875 ], "geometry": { "type": "Point", "coordinates": [ 32.9585349, 37.2263875 ] } },
{ "type": "Feature", "properties": { "Il_Adi": "KARAMAN", "Ilce_Adi": "SARIVELİLER", "TİPİ": "İLÇE" }, "bbox": [ 32.6230111, 36.6975114, 32.6230111, 36.6975114 ], "geometry": { "type": "Point", "coordinates": [ 32.6230111, 36.6975114 ] } },
{ "type": "Feature", "properties": { "Il_Adi": "KIRIKKALE", "Ilce_Adi": "BAHŞİLİ", "TİPİ": "İLÇE" }, "bbox": [ 33.4549947, 39.787583, 33.4549947, 39.787583 ], "geometry": { "type": "Point", "coordinates": [ 33.4549947, 39.787583 ] } },
{ "type": "Feature", "properties": { "Il_Adi": "KIRIKKALE", "Ilce_Adi": "BALIŞEYH", "TİPİ": "İLÇE" }, "bbox": [ 33.7174348, 39.9095621, 33.7174348, 39.9095621 ], "geometry": { "type": "Point", "coordinates": [ 33.7174348, 39.9095621 ] } },
{ "type": "Feature", "properties": { "Il_Adi": "KIRIKKALE", "Ilce_Adi": "ÇELEBİ", "TİPİ": "İLÇE" }, "bbox": [ 33.525684, 39.4641359, 33.525684, 39.4641359 ], "geometry": { "type": "Point", "coordinates": [ 33.525684, 39.4641359 ] } },
{ "type": "Feature", "properties": { "Il_Adi": "KIRIKKALE", "Ilce_Adi": "DELİCE", "TİPİ": "İLÇE" }, "bbox": [ 34.0320895, 39.9445784, 34.0320895, 39.9445784 ], "geometry": { "type": "Point", "coordinates": [ 34.0320895, 39.9445784 ] } },
{ "type": "Feature", "properties": { "Il_Adi": "KIRIKKALE", "Ilce_Adi": "KARAKEÇİLİ", "TİPİ": "İLÇE" }, "bbox": [ 33.3810802, 39.5930985, 33.3810802, 39.5930985 ], "geometry": { "type": "Point", "coordinates": [ 33.3810802, 39.5930985 ] } },
{ "type": "Feature", "properties": { "Il_Adi": "KIRIKKALE", "Ilce_Adi": "KESKİN", "TİPİ": "İLÇE" }, "bbox": [ 33.6149568, 39.6745398, 33.6149568, 39.6745398 ], "geometry": { "type": "Point", "coordinates": [ 33.6149568, 39.6745398 ] } },
{ "type": "Feature", "properties": { "Il_Adi": "KIRIKKALE", "Ilce_Adi": "SULAKYURT", "TİPİ": "İLÇE" }, "bbox": [ 33.7177156, 40.1600267, 33.7177156, 40.1600267 ], "geometry": { "type": "Point", "coordinates": [ 33.7177156, 40.1600267 ] } },
{ "type": "Feature", "properties": { "Il_Adi": "KIRIKKALE", "Ilce_Adi": "YAHŞİHAN", "TİPİ": "İLÇE" }, "bbox": [ 33.4514545, 39.848464, 33.4514545, 39.848464 ], "geometry": { "type": "Point", "coordinates": [ 33.4514545, 39.848464 ] } },
{ "type": "Feature", "properties": { "Il_Adi": "BATMAN", "Ilce_Adi": "BEŞİRİ", "TİPİ": "İLÇE" }, "bbox": [ 41.286497, 37.9157306, 41.286497, 37.9157306 ], "geometry": { "type": "Point", "coordinates": [ 41.286497, 37.9157306 ] } },
{ "type": "Feature", "properties": { "Il_Adi": "BATMAN", "Ilce_Adi": "GERCÜŞ", "TİPİ": "İLÇE" }, "bbox": [ 41.3825946, 37.5652616, 41.3825946, 37.5652616 ], "geometry": { "type": "Point", "coordinates": [ 41.3825946, 37.5652616 ] } },
{ "type": "Feature", "properties": { "Il_Adi": "BATMAN", "Ilce_Adi": "HASANKEYF", "TİPİ": "İLÇE" }, "bbox": [ 41.4136467, 37.7133186, 41.4136467, 37.7133186 ], "geometry": { "type": "Point", "coordinates": [ 41.4136467, 37.7133186 ] } },
{ "type": "Feature", "properties": { "Il_Adi": "BATMAN", "Ilce_Adi": "KOZLUK", "TİPİ": "İLÇE" }, "bbox": [ 41.4887369, 38.1870495, 41.4887369, 38.1870495 ], "geometry": { "type": "Point", "coordinates": [ 41.4887369, 38.1870495 ] } },
{ "type": "Feature", "properties": { "Il_Adi": "BATMAN", "Ilce_Adi": "SASON", "TİPİ": "İLÇE" }, "bbox": [ 41.4049162, 38.3317933, 41.4049162, 38.3317933 ], "geometry": { "type": "Point", "coordinates": [ 41.4049162, 38.3317933 ] } },
{ "type": "Feature", "properties": { "Il_Adi": "ŞIRNAK", "Ilce_Adi": "BEYTÜŞŞEBAP", "TİPİ": "İLÇE" }, "bbox": [ 43.1667006, 37.5705678, 43.1667006, 37.5705678 ], "geometry": { "type": "Point", "coordinates": [ 43.1667006, 37.5705678 ] } },
{ "type": "Feature", "properties": { "Il_Adi": "ŞIRNAK", "Ilce_Adi": "CİZRE", "TİPİ": "İLÇE" }, "bbox": [ 42.192241, 37.3374461, 42.192241, 37.3374461 ], "geometry": { "type": "Point", "coordinates": [ 42.192241, 37.3374461 ] } },
{ "type": "Feature", "properties": { "Il_Adi": "ŞIRNAK", "Ilce_Adi": "GÜÇLÜKONAK", "TİPİ": "İLÇE" }, "bbox": [ 41.9177757, 37.4727067, 41.9177757, 37.4727067 ], "geometry": { "type": "Point", "coordinates": [ 41.9177757, 37.4727067 ] } },
{ "type": "Feature", "properties": { "Il_Adi": "ŞIRNAK", "Ilce_Adi": "İDİL", "TİPİ": "İLÇE" }, "bbox": [ 41.8894432, 37.3348148, 41.8894432, 37.3348148 ], "geometry": { "type": "Point", "coordinates": [ 41.8894432, 37.3348148 ] } },
{ "type": "Feature", "properties": { "Il_Adi": "ŞIRNAK", "Ilce_Adi": "SİLOPİ", "TİPİ": "İLÇE" }, "bbox": [ 42.4676142, 37.2461337, 42.4676142, 37.2461337 ], "geometry": { "type": "Point", "coordinates": [ 42.4676142, 37.2461337 ] } },
{ "type": "Feature", "properties": { "Il_Adi": "ŞIRNAK", "Ilce_Adi": "ULUDERE", "TİPİ": "İLÇE" }, "bbox": [ 42.8518991, 37.4456682, 42.8518991, 37.4456682 ], "geometry": { "type": "Point", "coordinates": [ 42.8518991, 37.4456682 ] } },
{ "type": "Feature", "properties": { "Il_Adi": "BARTIN", "Ilce_Adi": "AMASRA", "TİPİ": "İLÇE" }, "bbox": [ 32.393381, 41.7155244, 32.393381, 41.7155244 ], "geometry": { "type": "Point", "coordinates": [ 32.393381, 41.7155244 ] } },
{ "type": "Feature", "properties": { "Il_Adi": "BARTIN", "Ilce_Adi": "KURUCAŞİLE", "TİPİ": "İLÇE" }, "bbox": [ 32.7178355, 41.8270382, 32.7178355, 41.8270382 ], "geometry": { "type": "Point", "coordinates": [ 32.7178355, 41.8270382 ] } },
{ "type": "Feature", "properties": { "Il_Adi": "BARTIN", "Ilce_Adi": "ULUS", "TİPİ": "İLÇE" }, "bbox": [ 32.6587233, 41.5756736, 32.6587233, 41.5756736 ], "geometry": { "type": "Point", "coordinates": [ 32.6587233, 41.5756736 ] } },
{ "type": "Feature", "properties": { "Il_Adi": "ARDAHAN", "Ilce_Adi": "ÇILDIR", "TİPİ": "İLÇE" }, "bbox": [ 43.1356234, 41.1267257, 43.1356234, 41.1267257 ], "geometry": { "type": "Point", "coordinates": [ 43.1356234, 41.1267257 ] } },
{ "type": "Feature", "properties": { "Il_Adi": "ARDAHAN", "Ilce_Adi": "DAMAL", "TİPİ": "İLÇE" }, "bbox": [ 42.8368016, 41.3414489, 42.8368016, 41.3414489 ], "geometry": { "type": "Point", "coordinates": [ 42.8368016, 41.3414489 ] } },
{ "type": "Feature", "properties": { "Il_Adi": "ARDAHAN", "Ilce_Adi": "GÖLE", "TİPİ": "İLÇE" }, "bbox": [ 42.6098381, 40.7938347, 42.6098381, 40.7938347 ], "geometry": { "type": "Point", "coordinates": [ 42.6098381, 40.7938347 ] } },
{ "type": "Feature", "properties": { "Il_Adi": "ARDAHAN", "Ilce_Adi": "HANAK", "TİPİ": "İLÇE" }, "bbox": [ 42.8455378, 41.2365045, 42.8455378, 41.2365045 ], "geometry": { "type": "Point", "coordinates": [ 42.8455378, 41.2365045 ] } },
{ "type": "Feature", "properties": { "Il_Adi": "ARDAHAN", "Ilce_Adi": "POSOF", "TİPİ": "İLÇE" }, "bbox": [ 42.7280891, 41.5089518, 42.7280891, 41.5089518 ], "geometry": { "type": "Point", "coordinates": [ 42.7280891, 41.5089518 ] } },
{ "type": "Feature", "properties": { "Il_Adi": "IĞDIR", "Ilce_Adi": "ARALIK", "TİPİ": "İLÇE" }, "bbox": [ 44.5040624, 39.8758793, 44.5040624, 39.8758793 ], "geometry": { "type": "Point", "coordinates": [ 44.5040624, 39.8758793 ] } },
{ "type": "Feature", "properties": { "Il_Adi": "IĞDIR", "Ilce_Adi": "KARAKOYUNLU", "TİPİ": "İLÇE" }, "bbox": [ 44.164285, 39.974557, 44.164285, 39.974557 ], "geometry": { "type": "Point", "coordinates": [ 44.164285, 39.974557 ] } },
{ "type": "Feature", "properties": { "Il_Adi": "IĞDIR", "Ilce_Adi": "TUZLUCA", "TİPİ": "İLÇE" }, "bbox": [ 43.6520812, 40.0387101, 43.6520812, 40.0387101 ], "geometry": { "type": "Point", "coordinates": [ 43.6520812, 40.0387101 ] } },
{ "type": "Feature", "properties": { "Il_Adi": "YALOVA", "Ilce_Adi": "ALTINOVA", "TİPİ": "İLÇE" }, "bbox": [ 29.5089941, 40.6949477, 29.5089941, 40.6949477 ], "geometry": { "type": "Point", "coordinates": [ 29.5089941, 40.6949477 ] } },
{ "type": "Feature", "properties": { "Il_Adi": "YALOVA", "Ilce_Adi": "ARMUTLU", "TİPİ": "İLÇE" }, "bbox": [ 28.842987, 40.5263068, 28.842987, 40.5263068 ], "geometry": { "type": "Point", "coordinates": [ 28.842987, 40.5263068 ] } },
{ "type": "Feature", "properties": { "Il_Adi": "YALOVA", "Ilce_Adi": "ÇINARCIK", "TİPİ": "İLÇE" }, "bbox": [ 29.1115073, 40.6311911, 29.1115073, 40.6311911 ], "geometry": { "type": "Point", "coordinates": [ 29.1115073, 40.6311911 ] } },
{ "type": "Feature", "properties": { "Il_Adi": "YALOVA", "Ilce_Adi": "ÇİFTLİKKÖY", "TİPİ": "İLÇE" }, "bbox": [ 29.3254519, 40.6593093, 29.3254519, 40.6593093 ], "geometry": { "type": "Point", "coordinates": [ 29.3254519, 40.6593093 ] } },
{ "type": "Feature", "properties": { "Il_Adi": "YALOVA", "Ilce_Adi": "TERMAL", "TİPİ": "İLÇE" }, "bbox": [ 29.1650717, 40.6093661, 29.1650717, 40.6093661 ], "geometry": { "type": "Point", "coordinates": [ 29.1650717, 40.6093661 ] } },
{ "type": "Feature", "properties": { "Il_Adi": "KARABÜK", "Ilce_Adi": "EFLANİ", "TİPİ": "İLÇE" }, "bbox": [ 32.9519028, 41.4217688, 32.9519028, 41.4217688 ], "geometry": { "type": "Point", "coordinates": [ 32.9519028, 41.4217688 ] } },
{ "type": "Feature", "properties": { "Il_Adi": "KARABÜK", "Ilce_Adi": "ESKİPAZAR", "TİPİ": "İLÇE" }, "bbox": [ 32.5321817, 40.9423725, 32.5321817, 40.9423725 ], "geometry": { "type": "Point", "coordinates": [ 32.5321817, 40.9423725 ] } },
{ "type": "Feature", "properties": { "Il_Adi": "KARABÜK", "Ilce_Adi": "OVACIK", "TİPİ": "İLÇE" }, "bbox": [ 32.9164608, 41.0807423, 32.9164608, 41.0807423 ], "geometry": { "type": "Point", "coordinates": [ 32.9164608, 41.0807423 ] } },
{ "type": "Feature", "properties": { "Il_Adi": "KARABÜK", "Ilce_Adi": "SAFRANBOLU", "TİPİ": "İLÇE" }, "bbox": [ 32.6802852, 41.2462151, 32.6802852, 41.2462151 ], "geometry": { "type": "Point", "coordinates": [ 32.6802852, 41.2462151 ] } },
{ "type": "Feature", "properties": { "Il_Adi": "KARABÜK", "Ilce_Adi": "YENİCE", "TİPİ": "İLÇE" }, "bbox": [ 32.3202462, 41.1976417, 32.3202462, 41.1976417 ], "geometry": { "type": "Point", "coordinates": [ 32.3202462, 41.1976417 ] } },
{ "type": "Feature", "properties": { "Il_Adi": "KİLİS", "Ilce_Adi": "ELBEYLİ", "TİPİ": "İLÇE" }, "bbox": [ 37.4667719, 36.6771177, 37.4667719, 36.6771177 ], "geometry": { "type": "Point", "coordinates": [ 37.4667719, 36.6771177 ] } },
{ "type": "Feature", "properties": { "Il_Adi": "KİLİS", "Ilce_Adi": "MUSABEYLİ", "TİPİ": "İLÇE" }, "bbox": [ 36.9206087, 36.887398, 36.9206087, 36.887398 ], "geometry": { "type": "Point", "coordinates": [ 36.9206087, 36.887398 ] } },
{ "type": "Feature", "properties": { "Il_Adi": "KİLİS", "Ilce_Adi": "POLATELİ", "TİPİ": "İLÇE" }, "bbox": [ 37.1427437, 36.8424072, 37.1427437, 36.8424072 ], "geometry": { "type": "Point", "coordinates": [ 37.1427437, 36.8424072 ] } },
{ "type": "Feature", "properties": { "Il_Adi": "OSMANİYE", "Ilce_Adi": "BAHÇE", "TİPİ": "İLÇE" }, "bbox": [ 36.5775256, 37.1928054, 36.5775256, 37.1928054 ], "geometry": { "type": "Point", "coordinates": [ 36.5775256, 37.1928054 ] } },
{ "type": "Feature", "properties": { "Il_Adi": "OSMANİYE", "Ilce_Adi": "DÜZİÇİ", "TİPİ": "İLÇE" }, "bbox": [ 36.4631425, 37.252793, 36.4631425, 37.252793 ], "geometry": { "type": "Point", "coordinates": [ 36.4631425, 37.252793 ] } },
{ "type": "Feature", "properties": { "Il_Adi": "OSMANİYE", "Ilce_Adi": "HASANBEYLİ", "TİPİ": "İLÇE" }, "bbox": [ 36.5460854, 37.128379, 36.5460854, 37.128379 ], "geometry": { "type": "Point", "coordinates": [ 36.5460854, 37.128379 ] } },
{ "type": "Feature", "properties": { "Il_Adi": "OSMANİYE", "Ilce_Adi": "KADİRLİ", "TİPİ": "İLÇE" }, "bbox": [ 36.0978961, 37.370547, 36.0978961, 37.370547 ], "geometry": { "type": "Point", "coordinates": [ 36.0978961, 37.370547 ] } },
{ "type": "Feature", "properties": { "Il_Adi": "OSMANİYE", "Ilce_Adi": "SUMBAS", "TİPİ": "İLÇE" }, "bbox": [ 36.0212919, 37.4485449, 36.0212919, 37.4485449 ], "geometry": { "type": "Point", "coordinates": [ 36.0212919, 37.4485449 ] } },
{ "type": "Feature", "properties": { "Il_Adi": "OSMANİYE", "Ilce_Adi": "TOPRAKKALE", "TİPİ": "İLÇE" }, "bbox": [ 36.1483497, 37.0624073, 36.1483497, 37.0624073 ], "geometry": { "type": "Point", "coordinates": [ 36.1483497, 37.0624073 ] } },
{ "type": "Feature", "properties": { "Il_Adi": "DÜZCE", "Ilce_Adi": "AKÇAKOCA", "TİPİ": "İLÇE" }, "bbox": [ 31.1329303, 41.0706813, 31.1329303, 41.0706813 ], "geometry": { "type": "Point", "coordinates": [ 31.1329303, 41.0706813 ] } },
{ "type": "Feature", "properties": { "Il_Adi": "DÜZCE", "Ilce_Adi": "CUMAYERİ", "TİPİ": "İLÇE" }, "bbox": [ 30.9503502, 40.8785753, 30.9503502, 40.8785753 ], "geometry": { "type": "Point", "coordinates": [ 30.9503502, 40.8785753 ] } },
{ "type": "Feature", "properties": { "Il_Adi": "DÜZCE", "Ilce_Adi": "ÇİLİMLİ", "TİPİ": "İLÇE" }, "bbox": [ 31.0472044, 40.8942182, 31.0472044, 40.8942182 ], "geometry": { "type": "Point", "coordinates": [ 31.0472044, 40.8942182 ] } },
{ "type": "Feature", "properties": { "Il_Adi": "DÜZCE", "Ilce_Adi": "GÖLYAKA", "TİPİ": "İLÇE" }, "bbox": [ 30.9973012, 40.7776134, 30.9973012, 40.7776134 ], "geometry": { "type": "Point", "coordinates": [ 30.9973012, 40.7776134 ] } },
{ "type": "Feature", "properties": { "Il_Adi": "DÜZCE", "Ilce_Adi": "GÜMÜŞOVA", "TİPİ": "İLÇE" }, "bbox": [ 30.9388876, 40.8463939, 30.9388876, 40.8463939 ], "geometry": { "type": "Point", "coordinates": [ 30.9388876, 40.8463939 ] } },
{ "type": "Feature", "properties": { "Il_Adi": "DÜZCE", "Ilce_Adi": "KAYNAŞLI", "TİPİ": "İLÇE" }, "bbox": [ 31.2929762, 40.7695705, 31.2929762, 40.7695705 ], "geometry": { "type": "Point", "coordinates": [ 31.2929762, 40.7695705 ] } },
{ "type": "Feature", "properties": { "Il_Adi": "DÜZCE", "Ilce_Adi": "YIĞILCA", "TİPİ": "İLÇE" }, "bbox": [ 31.4450736, 40.9615241, 31.4450736, 40.9615241 ], "geometry": { "type": "Point", "coordinates": [ 31.4450736, 40.9615241 ] } },
{ "type": "Feature", "properties": { "Il_Adi": "HATAY", "Ilce_Adi": "ARSUZ", "TİPİ": "İLÇE" }, "bbox": [ 35.9005304, 36.4066335, 35.9005304, 36.4066335 ], "geometry": { "type": "Point", "coordinates": [ 35.9005304, 36.4066335 ] } },
{ "type": "Feature", "properties": { "Il_Adi": "MUĞLA", "Ilce_Adi": "SEYDİKEMER", "TİPİ": "İLÇE" }, "bbox": [ 29.356944, 36.635634, 29.356944, 36.635634 ], "geometry": { "type": "Point", "coordinates": [ 29.356944, 36.635634 ] } },
{ "type": "Feature", "properties": { "Il_Adi": "TUNCELİ", "Ilce_Adi": "ÇEMİŞGEZEK", "TİPİ": "İLÇE" }, "bbox": [ 38.9133105, 39.0623568, 38.9133105, 39.0623568 ], "geometry": { "type": "Point", "coordinates": [ 38.9133105, 39.0623568 ] } },
{ "type": "Feature", "properties": { "Il_Adi": "ZONGULDAK", "Ilce_Adi": "KOZLU", "TİPİ": "İLÇE" }, "bbox": [ 31.7502092, 41.4292814, 31.7502092, 41.4292814 ], "geometry": { "type": "Point", "coordinates": [ 31.7502092, 41.4292814 ] } },
{ "type": "Feature", "properties": { "Il_Adi": "ZONGULDAK", "Ilce_Adi": "KİLİMLİ", "TİPİ": "İLÇE" }, "bbox": [ 31.8457664, 41.4850506, 31.8457664, 41.4850506 ], "geometry": { "type": "Point", "coordinates": [ 31.8457664, 41.4850506 ] } },
{ "type": "Feature", "properties": { "Il_Adi": "TEKİRDAĞ", "Ilce_Adi": "KAPAKLI", "TİPİ": "İLÇE" }, "bbox": [ 27.9766442, 41.3282502, 27.9766442, 41.3282502 ], "geometry": { "type": "Point", "coordinates": [ 27.9766442, 41.3282502 ] } },
{ "type": "Feature", "properties": { "Il_Adi": "BALIKESİR", "Ilce_Adi": "ALTIEYLÜL", "TİPİ": "İLÇE" }, "bbox": [ 27.8845744, 39.6302461, 27.8845744, 39.6302461 ], "geometry": { "type": "Point", "coordinates": [ 27.8845744, 39.6302461 ] } },
{ "type": "Feature", "properties": { "Il_Adi": "BALIKESİR", "Ilce_Adi": "KARESİ", "TİPİ": "İLÇE" }, "bbox": [ 27.8822605, 39.660063, 27.8822605, 39.660063 ], "geometry": { "type": "Point", "coordinates": [ 27.8822605, 39.660063 ] } },
{ "type": "Feature", "properties": { "Il_Adi": "DENİZLİ", "Ilce_Adi": "MERKEZEFENDİ", "TİPİ": "İLÇE" }, "bbox": [ 29.0890468, 37.7851426, 29.0890468, 37.7851426 ], "geometry": { "type": "Point", "coordinates": [ 29.0890468, 37.7851426 ] } },
{ "type": "Feature", "properties": { "Il_Adi": "DENİZLİ", "Ilce_Adi": "PAMUKKALE", "TİPİ": "İLÇE" }, "bbox": [ 29.0997623, 37.756252, 29.0997623, 37.756252 ], "geometry": { "type": "Point", "coordinates": [ 29.0997623, 37.756252 ] } },
{ "type": "Feature", "properties": { "Il_Adi": "ŞANLIURFA", "Ilce_Adi": "EYYÜBİYE", "TİPİ": "İLÇE" }, "bbox": [ 38.7969444, 37.1477309, 38.7969444, 37.1477309 ], "geometry": { "type": "Point", "coordinates": [ 38.7969444, 37.1477309 ] } },
{ "type": "Feature", "properties": { "Il_Adi": "KAHRAMANMARAŞ", "Ilce_Adi": "DULKADİROĞLU", "TİPİ": "İLÇE" }, "bbox": [ 36.9439912, 37.5817086, 36.9439912, 37.5817086 ], "geometry": { "type": "Point", "coordinates": [ 36.9439912, 37.5817086 ] } },
{ "type": "Feature", "properties": { "Il_Adi": "HATAY", "Ilce_Adi": "DEFNE", "TİPİ": "İLÇE" }, "bbox": [ 36.1420095, 36.1402141, 36.1420095, 36.1402141 ], "geometry": { "type": "Point", "coordinates": [ 36.1420095, 36.1402141 ] } },
{ "type": "Feature", "properties": { "Il_Adi": "TEKİRDAĞ", "Ilce_Adi": "ERGENE", "TİPİ": "İLÇE" }, "bbox": [ 27.7523028, 41.2041365, 27.7523028, 41.2041365 ], "geometry": { "type": "Point", "coordinates": [ 27.7523028, 41.2041365 ] } },
{ "type": "Feature", "properties": { "Il_Adi": "ŞANLIURFA", "Ilce_Adi": "KARAKÖPRÜ", "TİPİ": "İLÇE" }, "bbox": [ 38.7979787, 37.2052416, 38.7979787, 37.2052416 ], "geometry": { "type": "Point", "coordinates": [ 38.7979787, 37.2052416 ] } },
{ "type": "Feature", "properties": { "Il_Adi": "VAN", "Ilce_Adi": "TUŞBA", "TİPİ": "İLÇE" }, "bbox": [ 43.4005475, 38.5205131, 43.4005475, 38.5205131 ], "geometry": { "type": "Point", "coordinates": [ 43.4005475, 38.5205131 ] } },
{ "type": "Feature", "properties": { "Il_Adi": "VAN", "Ilce_Adi": "İPEKYOLU", "TİPİ": "İLÇE" }, "bbox": [ 43.4078149, 38.4795447, 43.4078149, 38.4795447 ], "geometry": { "type": "Point", "coordinates": [ 43.4078149, 38.4795447 ] } },
{ "type": "Feature", "properties": { "Il_Adi": "KAHRAMANMARAŞ", "Ilce_Adi": "ONİKİ ŞUBAT", "TİPİ": "İLÇE" }, "bbox": [ 36.7745853, 37.6040217, 36.7745853, 37.6040217 ], "geometry": { "type": "Point", "coordinates": [ 36.7745853, 37.6040217 ] } },
{ "type": "Feature", "properties": { "Il_Adi": "MANİSA", "Ilce_Adi": "YUNUSEMRE", "TİPİ": "İLÇE" }, "bbox": [ 27.3878382, 38.6141209, 27.3878382, 38.6141209 ], "geometry": { "type": "Point", "coordinates": [ 27.3878382, 38.6141209 ] } },
{ "type": "Feature", "properties": { "Il_Adi": "MANİSA", "Ilce_Adi": "ŞEHZADELER", "TİPİ": "İLÇE" }, "bbox": [ 27.4540659, 38.6195512, 27.4540659, 38.6195512 ], "geometry": { "type": "Point", "coordinates": [ 27.4540659, 38.6195512 ] } },
{ "type": "Feature", "properties": { "Il_Adi": "AYDIN", "Ilce_Adi": "EFELER", "TİPİ": "İLÇE" }, "bbox": [ 27.8453596, 37.8517811, 27.8453596, 37.8517811 ], "geometry": { "type": "Point", "coordinates": [ 27.8453596, 37.8517811 ] } },
{ "type": "Feature", "properties": { "Il_Adi": "MUĞLA", "Ilce_Adi": "MENTEŞE", "TİPİ": "İLÇE" }, "bbox": [ 28.3598968, 37.2190581, 28.3598968, 37.2190581 ], "geometry": { "type": "Point", "coordinates": [ 28.3598968, 37.2190581 ] } },
{ "type": "Feature", "properties": { "Il_Adi": "ORDU", "Ilce_Adi": "ALTINORDU", "TİPİ": "İLÇE" }, "bbox": [ 37.9104593, 40.96912, 37.9104593, 40.96912 ], "geometry": { "type": "Point", "coordinates": [ 37.9104593, 40.96912 ] } },
{ "type": "Feature", "properties": { "Il_Adi": "TRABZON", "Ilce_Adi": "ORTAHİSAR", "TİPİ": "İLÇE" }, "bbox": [ 39.733677, 41.0113642, 39.733677, 41.0113642 ], "geometry": { "type": "Point", "coordinates": [ 39.733677, 41.0113642 ] } },
{ "type": "Feature", "properties": { "Il_Adi": "HATAY", "Ilce_Adi": "PAYAS", "TİPİ": "İLÇE" }, "bbox": [ 36.2203163, 36.7583144, 36.2203163, 36.7583144 ], "geometry": { "type": "Point", "coordinates": [ 36.2203163, 36.7583144 ] } },
{ "type": "Feature", "properties": { "Il_Adi": "MARDİN", "Ilce_Adi": "ARTUKLU", "TİPİ": "İLÇE" }, "bbox": [ 40.7287486, 37.325715, 40.7287486, 37.325715 ], "geometry": { "type": "Point", "coordinates": [ 40.7287486, 37.325715 ] } },
{ "type": "Feature", "properties": { "Il_Adi": "ŞANLIURFA", "Ilce_Adi": "HALİLİYE", "TİPİ": "İLÇE" }, "bbox": [ 38.8185811, 37.1767563, 38.8185811, 37.1767563 ], "geometry": { "type": "Point", "coordinates": [ 38.8185811, 37.1767563 ] } },
{ "type": "Feature", "properties": { "Il_Adi": "TEKİRDAĞ", "Ilce_Adi": "SÜLEYMANPAŞA", "TİPİ": "İLÇE" }, "bbox": [ 27.5029312, 40.9816365, 27.5029312, 40.9816365 ], "geometry": { "type": "Point", "coordinates": [ 27.5029312, 40.9816365 ] } },
{ "type": "Feature", "properties": { "Il_Adi": "SİNOP", "Ilce_Adi": null, "TİPİ": "İL" }, "bbox": [ 35.1410381, 42.0245979, 35.1410381, 42.0245979 ], "geometry": { "type": "Point", "coordinates": [ 35.1410381, 42.0245979 ] } },
{ "type": "Feature", "properties": { "Il_Adi": "BALIKESİR", "Ilce_Adi": null, "TİPİ": "İL" }, "bbox": [ 27.8953603, 39.6505352, 27.8953603, 39.6505352 ], "geometry": { "type": "Point", "coordinates": [ 27.8953603, 39.6505352 ] } },
{ "type": "Feature", "properties": { "Il_Adi": "DENİZLİ", "Ilce_Adi": null, "TİPİ": "İL" }, "bbox": [ 29.0907484, 37.7715324, 29.0907484, 37.7715324 ], "geometry": { "type": "Point", "coordinates": [ 29.0907484, 37.7715324 ] } },
{ "type": "Feature", "properties": { "Il_Adi": "HATAY", "Ilce_Adi": "ANTAKYA", "TİPİ": "İLÇE" }, "bbox": [ 36.1899419, 36.2092875, 36.1899419, 36.2092875 ], "geometry": { "type": "Point", "coordinates": [ 36.1899419, 36.2092875 ] } },
{ "type": "Feature", "properties": { "Il_Adi": "İSTANBUL", "Ilce_Adi": "ADALAR", "TİPİ": "İLÇE" }, "bbox": [ 29.1171958, 40.8544009, 29.1171958, 40.8544009 ], "geometry": { "type": "Point", "coordinates": [ 29.1171958, 40.8544009 ] } },
{ "type": "Feature", "properties": { "Il_Adi": "İSTANBUL", "Ilce_Adi": "AVCILAR", "TİPİ": "İLÇE" }, "bbox": [ 28.7235564, 40.980294, 28.7235564, 40.980294 ], "geometry": { "type": "Point", "coordinates": [ 28.7235564, 40.980294 ] } },
{ "type": "Feature", "properties": { "Il_Adi": "İSTANBUL", "Ilce_Adi": "BAĞCILAR", "TİPİ": "İLÇE" }, "bbox": [ 28.8328384, 41.0335541, 28.8328384, 41.0335541 ], "geometry": { "type": "Point", "coordinates": [ 28.8328384, 41.0335541 ] } },
{ "type": "Feature", "properties": { "Il_Adi": "İSTANBUL", "Ilce_Adi": "BAHÇELİEVLER", "TİPİ": "İLÇE" }, "bbox": [ 28.8444948, 41.0122004, 28.8444948, 41.0122004 ], "geometry": { "type": "Point", "coordinates": [ 28.8444948, 41.0122004 ] } },
{ "type": "Feature", "properties": { "Il_Adi": "İSTANBUL", "Ilce_Adi": "BAKIRKÖY", "TİPİ": "İLÇE" }, "bbox": [ 28.8782617, 40.9868841, 28.8782617, 40.9868841 ], "geometry": { "type": "Point", "coordinates": [ 28.8782617, 40.9868841 ] } },
{ "type": "Feature", "properties": { "Il_Adi": "İSTANBUL", "Ilce_Adi": "BAYRAMPAŞA", "TİPİ": "İLÇE" }, "bbox": [ 28.9038391, 41.049517, 28.9038391, 41.049517 ], "geometry": { "type": "Point", "coordinates": [ 28.9038391, 41.049517 ] } },
{ "type": "Feature", "properties": { "Il_Adi": "İSTANBUL", "Ilce_Adi": "BEŞİKTAŞ", "TİPİ": "İLÇE" }, "bbox": [ 29.0354845, 41.0742883, 29.0354845, 41.0742883 ], "geometry": { "type": "Point", "coordinates": [ 29.0354845, 41.0742883 ] } },
{ "type": "Feature", "properties": { "Il_Adi": "İSTANBUL", "Ilce_Adi": "BEYKOZ", "TİPİ": "İLÇE" }, "bbox": [ 29.0978581, 41.1267623, 29.0978581, 41.1267623 ], "geometry": { "type": "Point", "coordinates": [ 29.0978581, 41.1267623 ] } },
{ "type": "Feature", "properties": { "Il_Adi": "İSTANBUL", "Ilce_Adi": "BEYOĞLU", "TİPİ": "İLÇE" }, "bbox": [ 28.9572484, 41.045019, 28.9572484, 41.045019 ], "geometry": { "type": "Point", "coordinates": [ 28.9572484, 41.045019 ] } },
{ "type": "Feature", "properties": { "Il_Adi": "İSTANBUL", "Ilce_Adi": "ESENLER", "TİPİ": "İLÇE" }, "bbox": [ 28.8648341, 41.0587121, 28.8648341, 41.0587121 ], "geometry": { "type": "Point", "coordinates": [ 28.8648341, 41.0587121 ] } },
{ "type": "Feature", "properties": { "Il_Adi": "İSTANBUL", "Ilce_Adi": "EYÜP", "TİPİ": "İLÇE" }, "bbox": [ 28.9275158, 41.0484087, 28.9275158, 41.0484087 ], "geometry": { "type": "Point", "coordinates": [ 28.9275158, 41.0484087 ] } },
{ "type": "Feature", "properties": { "Il_Adi": "İSTANBUL", "Ilce_Adi": "FATİH", "TİPİ": "İLÇE" }, "bbox": [ 28.962121, 41.0117958, 28.962121, 41.0117958 ], "geometry": { "type": "Point", "coordinates": [ 28.962121, 41.0117958 ] } },
{ "type": "Feature", "properties": { "Il_Adi": "İSTANBUL", "Ilce_Adi": "GAZİ OSMANPAŞA", "TİPİ": "İLÇE" }, "bbox": [ 28.9162545, 41.0673261, 28.9162545, 41.0673261 ], "geometry": { "type": "Point", "coordinates": [ 28.9162545, 41.0673261 ] } },
{ "type": "Feature", "properties": { "Il_Adi": "İSTANBUL", "Ilce_Adi": "GÜNGÖREN", "TİPİ": "İLÇE" }, "bbox": [ 28.8708102, 41.017631, 28.8708102, 41.017631 ], "geometry": { "type": "Point", "coordinates": [ 28.8708102, 41.017631 ] } },
{ "type": "Feature", "properties": { "Il_Adi": "İSTANBUL", "Ilce_Adi": "KADIKÖY", "TİPİ": "İLÇE" }, "bbox": [ 29.0441999, 40.9743401, 29.0441999, 40.9743401 ], "geometry": { "type": "Point", "coordinates": [ 29.0441999, 40.9743401 ] } },
{ "type": "Feature", "properties": { "Il_Adi": "İSTANBUL", "Ilce_Adi": "KAĞITHANE", "TİPİ": "İLÇE" }, "bbox": [ 28.98817, 41.084122, 28.98817, 41.084122 ], "geometry": { "type": "Point", "coordinates": [ 28.98817, 41.084122 ] } },
{ "type": "Feature", "properties": { "Il_Adi": "İSTANBUL", "Ilce_Adi": "KARTAL", "TİPİ": "İLÇE" }, "bbox": [ 29.172988, 40.9068411, 29.172988, 40.9068411 ], "geometry": { "type": "Point", "coordinates": [ 29.172988, 40.9068411 ] } },
{ "type": "Feature", "properties": { "Il_Adi": "İSTANBUL", "Ilce_Adi": "KÜÇÜKÇEKMECE", "TİPİ": "İLÇE" }, "bbox": [ 28.7839334, 41.0154058, 28.7839334, 41.0154058 ], "geometry": { "type": "Point", "coordinates": [ 28.7839334, 41.0154058 ] } },
{ "type": "Feature", "properties": { "Il_Adi": "İSTANBUL", "Ilce_Adi": "MALTEPE", "TİPİ": "İLÇE" }, "bbox": [ 29.1381746, 40.9373176, 29.1381746, 40.9373176 ], "geometry": { "type": "Point", "coordinates": [ 29.1381746, 40.9373176 ] } },
{ "type": "Feature", "properties": { "Il_Adi": "İSTANBUL", "Ilce_Adi": "PENDİK", "TİPİ": "İLÇE" }, "bbox": [ 29.2395963, 40.8853464, 29.2395963, 40.8853464 ], "geometry": { "type": "Point", "coordinates": [ 29.2395963, 40.8853464 ] } },
{ "type": "Feature", "properties": { "Il_Adi": "İSTANBUL", "Ilce_Adi": "SARIYER", "TİPİ": "İLÇE" }, "bbox": [ 29.0395308, 41.1588851, 29.0395308, 41.1588851 ], "geometry": { "type": "Point", "coordinates": [ 29.0395308, 41.1588851 ] } },
{ "type": "Feature", "properties": { "Il_Adi": "İSTANBUL", "Ilce_Adi": "ŞİŞLİ", "TİPİ": "İLÇE" }, "bbox": [ 28.9754626, 41.0573185, 28.9754626, 41.0573185 ], "geometry": { "type": "Point", "coordinates": [ 28.9754626, 41.0573185 ] } },
{ "type": "Feature", "properties": { "Il_Adi": "İSTANBUL", "Ilce_Adi": "TUZLA", "TİPİ": "İLÇE" }, "bbox": [ 29.3130839, 40.8328778, 29.3130839, 40.8328778 ], "geometry": { "type": "Point", "coordinates": [ 29.3130839, 40.8328778 ] } },
{ "type": "Feature", "properties": { "Il_Adi": "İSTANBUL", "Ilce_Adi": "ÜMRANİYE", "TİPİ": "İLÇE" }, "bbox": [ 29.1313578, 41.0207622, 29.1313578, 41.0207622 ], "geometry": { "type": "Point", "coordinates": [ 29.1313578, 41.0207622 ] } },
{ "type": "Feature", "properties": { "Il_Adi": "İSTANBUL", "Ilce_Adi": "ÜSKÜDAR", "TİPİ": "İLÇE" }, "bbox": [ 29.0703253, 41.0466454, 29.0703253, 41.0466454 ], "geometry": { "type": "Point", "coordinates": [ 29.0703253, 41.0466454 ] } },
{ "type": "Feature", "properties": { "Il_Adi": "İSTANBUL", "Ilce_Adi": "ZEYTİNBURNU", "TİPİ": "İLÇE" }, "bbox": [ 28.9080952, 40.9908978, 28.9080952, 40.9908978 ], "geometry": { "type": "Point", "coordinates": [ 28.9080952, 40.9908978 ] } },
{ "type": "Feature", "properties": { "Il_Adi": "İSTANBUL", "Ilce_Adi": "BÜYÜKÇEKMECE", "TİPİ": "İLÇE" }, "bbox": [ 28.5710407, 41.0356479, 28.5710407, 41.0356479 ], "geometry": { "type": "Point", "coordinates": [ 28.5710407, 41.0356479 ] } },
{ "type": "Feature", "properties": { "Il_Adi": "İSTANBUL", "Ilce_Adi": "ÇATALCA", "TİPİ": "İLÇE" }, "bbox": [ 28.4571083, 41.1438579, 28.4571083, 41.1438579 ], "geometry": { "type": "Point", "coordinates": [ 28.4571083, 41.1438579 ] } },
{ "type": "Feature", "properties": { "Il_Adi": "İSTANBUL", "Ilce_Adi": "SİLİVRİ", "TİPİ": "İLÇE" }, "bbox": [ 28.2452563, 41.0927506, 28.2452563, 41.0927506 ], "geometry": { "type": "Point", "coordinates": [ 28.2452563, 41.0927506 ] } },
{ "type": "Feature", "properties": { "Il_Adi": "İSTANBUL", "Ilce_Adi": "SULTANBEYLİ", "TİPİ": "İLÇE" }, "bbox": [ 29.2931073, 40.9523537, 29.2931073, 40.9523537 ], "geometry": { "type": "Point", "coordinates": [ 29.2931073, 40.9523537 ] } },
{ "type": "Feature", "properties": { "Il_Adi": "İSTANBUL", "Ilce_Adi": "ŞİLE", "TİPİ": "İLÇE" }, "bbox": [ 29.6144925, 41.1606656, 29.6144925, 41.1606656 ], "geometry": { "type": "Point", "coordinates": [ 29.6144925, 41.1606656 ] } },
{ "type": "Feature", "properties": { "Il_Adi": "İSTANBUL", "Ilce_Adi": "ARNAVUTKÖY", "TİPİ": "İLÇE" }, "bbox": [ 28.7401689, 41.1822636, 28.7401689, 41.1822636 ], "geometry": { "type": "Point", "coordinates": [ 28.7401689, 41.1822636 ] } },
{ "type": "Feature", "properties": { "Il_Adi": "İSTANBUL", "Ilce_Adi": "ATAŞEHİR", "TİPİ": "İLÇE" }, "bbox": [ 29.0923963, 40.9922024, 29.0923963, 40.9922024 ], "geometry": { "type": "Point", "coordinates": [ 29.0923963, 40.9922024 ] } },
{ "type": "Feature", "properties": { "Il_Adi": "İSTANBUL", "Ilce_Adi": "BAŞAKŞEHİR", "TİPİ": "İLÇE" }, "bbox": [ 28.6840457, 41.0623974, 28.6840457, 41.0623974 ], "geometry": { "type": "Point", "coordinates": [ 28.6840457, 41.0623974 ] } },
{ "type": "Feature", "properties": { "Il_Adi": "İSTANBUL", "Ilce_Adi": "BEYLİKDÜZÜ", "TİPİ": "İLÇE" }, "bbox": [ 28.6403836, 40.9815078, 28.6403836, 40.9815078 ], "geometry": { "type": "Point", "coordinates": [ 28.6403836, 40.9815078 ] } },
{ "type": "Feature", "properties": { "Il_Adi": "İSTANBUL", "Ilce_Adi": "ÇEKMEKÖY", "TİPİ": "İLÇE" }, "bbox": [ 29.1764982, 41.0372122, 29.1764982, 41.0372122 ], "geometry": { "type": "Point", "coordinates": [ 29.1764982, 41.0372122 ] } },
{ "type": "Feature", "properties": { "Il_Adi": "İSTANBUL", "Ilce_Adi": "ESENYURT", "TİPİ": "İLÇE" }, "bbox": [ 28.677171, 41.0260168, 28.677171, 41.0260168 ], "geometry": { "type": "Point", "coordinates": [ 28.677171, 41.0260168 ] } },
{ "type": "Feature", "properties": { "Il_Adi": "İSTANBUL", "Ilce_Adi": "SANCAKTEPE", "TİPİ": "İLÇE" }, "bbox": [ 29.2227774, 40.9807537, 29.2227774, 40.9807537 ], "geometry": { "type": "Point", "coordinates": [ 29.2227774, 40.9807537 ] } },
{ "type": "Feature", "properties": { "Il_Adi": "İSTANBUL", "Ilce_Adi": "SULTANGAZİ", "TİPİ": "İLÇE" }, "bbox": [ 28.8625493, 41.1042367, 28.8625493, 41.1042367 ], "geometry": { "type": "Point", "coordinates": [ 28.8625493, 41.1042367 ] } },
{ "type": "Feature", "properties": { "Il_Adi": "İZMİR", "Ilce_Adi": "BALÇOVA", "TİPİ": "İLÇE" }, "bbox": [ 27.0562096, 38.3908623, 27.0562096, 38.3908623 ], "geometry": { "type": "Point", "coordinates": [ 27.0562096, 38.3908623 ] } },
{ "type": "Feature", "properties": { "Il_Adi": "İZMİR", "Ilce_Adi": "BORNOVA", "TİPİ": "İLÇE" }, "bbox": [ 27.2178051, 38.4701167, 27.2178051, 38.4701167 ], "geometry": { "type": "Point", "coordinates": [ 27.2178051, 38.4701167 ] } },
{ "type": "Feature", "properties": { "Il_Adi": "İZMİR", "Ilce_Adi": "BUCA", "TİPİ": "İLÇE" }, "bbox": [ 27.18321, 38.3890658, 27.18321, 38.3890658 ], "geometry": { "type": "Point", "coordinates": [ 27.18321, 38.3890658 ] } },
{ "type": "Feature", "properties": { "Il_Adi": "İZMİR", "Ilce_Adi": "ÇİĞLİ", "TİPİ": "İLÇE" }, "bbox": [ 27.0573459, 38.5063537, 27.0573459, 38.5063537 ], "geometry": { "type": "Point", "coordinates": [ 27.0573459, 38.5063537 ] } },
{ "type": "Feature", "properties": { "Il_Adi": "İZMİR", "Ilce_Adi": "GAZİEMİR", "TİPİ": "İLÇE" }, "bbox": [ 27.1390254, 38.321621, 27.1390254, 38.321621 ], "geometry": { "type": "Point", "coordinates": [ 27.1390254, 38.321621 ] } },
{ "type": "Feature", "properties": { "Il_Adi": "İZMİR", "Ilce_Adi": "GÜZELBAHÇE", "TİPİ": "İLÇE" }, "bbox": [ 26.8883992, 38.3612177, 26.8883992, 38.3612177 ], "geometry": { "type": "Point", "coordinates": [ 26.8883992, 38.3612177 ] } },
{ "type": "Feature", "properties": { "Il_Adi": "İZMİR", "Ilce_Adi": "KARŞIYAKA", "TİPİ": "İLÇE" }, "bbox": [ 27.1031207, 38.4706435, 27.1031207, 38.4706435 ], "geometry": { "type": "Point", "coordinates": [ 27.1031207, 38.4706435 ] } },
{ "type": "Feature", "properties": { "Il_Adi": "İZMİR", "Ilce_Adi": "KONAK", "TİPİ": "İLÇE" }, "bbox": [ 27.1305845, 38.4202171, 27.1305845, 38.4202171 ], "geometry": { "type": "Point", "coordinates": [ 27.1305845, 38.4202171 ] } },
{ "type": "Feature", "properties": { "Il_Adi": "İZMİR", "Ilce_Adi": "NARLIDERE", "TİPİ": "İLÇE" }, "bbox": [ 27.0100563, 38.3823223, 27.0100563, 38.3823223 ], "geometry": { "type": "Point", "coordinates": [ 27.0100563, 38.3823223 ] } },
{ "type": "Feature", "properties": { "Il_Adi": "İZMİR", "Ilce_Adi": "ALİAĞA", "TİPİ": "İLÇE" }, "bbox": [ 26.9770347, 38.7946015, 26.9770347, 38.7946015 ], "geometry": { "type": "Point", "coordinates": [ 26.9770347, 38.7946015 ] } },
{ "type": "Feature", "properties": { "Il_Adi": "İZMİR", "Ilce_Adi": "BAYINDIR", "TİPİ": "İLÇE" }, "bbox": [ 27.6483034, 38.2188863, 27.6483034, 38.2188863 ], "geometry": { "type": "Point", "coordinates": [ 27.6483034, 38.2188863 ] } },
{ "type": "Feature", "properties": { "Il_Adi": "İZMİR", "Ilce_Adi": "BERGAMA", "TİPİ": "İLÇE" }, "bbox": [ 27.1829711, 39.1171856, 27.1829711, 39.1171856 ], "geometry": { "type": "Point", "coordinates": [ 27.1829711, 39.1171856 ] } },
{ "type": "Feature", "properties": { "Il_Adi": "İZMİR", "Ilce_Adi": "BEYDAĞ", "TİPİ": "İLÇE" }, "bbox": [ 28.2106856, 38.0878118, 28.2106856, 38.0878118 ], "geometry": { "type": "Point", "coordinates": [ 28.2106856, 38.0878118 ] } },
{ "type": "Feature", "properties": { "Il_Adi": "İZMİR", "Ilce_Adi": "ÇEŞME", "TİPİ": "İLÇE" }, "bbox": [ 26.3152189, 38.3214087, 26.3152189, 38.3214087 ], "geometry": { "type": "Point", "coordinates": [ 26.3152189, 38.3214087 ] } },
{ "type": "Feature", "properties": { "Il_Adi": "İZMİR", "Ilce_Adi": "DİKİLİ", "TİPİ": "İLÇE" }, "bbox": [ 26.9011994, 39.0729658, 26.9011994, 39.0729658 ], "geometry": { "type": "Point", "coordinates": [ 26.9011994, 39.0729658 ] } },
{ "type": "Feature", "properties": { "Il_Adi": "İZMİR", "Ilce_Adi": "FOÇA", "TİPİ": "İLÇE" }, "bbox": [ 26.7692365, 38.6808672, 26.7692365, 38.6808672 ], "geometry": { "type": "Point", "coordinates": [ 26.7692365, 38.6808672 ] } },
{ "type": "Feature", "properties": { "Il_Adi": "İZMİR", "Ilce_Adi": "KARABURUN", "TİPİ": "İLÇE" }, "bbox": [ 26.4983481, 38.635327, 26.4983481, 38.635327 ], "geometry": { "type": "Point", "coordinates": [ 26.4983481, 38.635327 ] } },
{ "type": "Feature", "properties": { "Il_Adi": "İZMİR", "Ilce_Adi": "KEMALPAŞA", "TİPİ": "İLÇE" }, "bbox": [ 27.4288846, 38.421492, 27.4288846, 38.421492 ], "geometry": { "type": "Point", "coordinates": [ 27.4288846, 38.421492 ] } },
{ "type": "Feature", "properties": { "Il_Adi": "İZMİR", "Ilce_Adi": "KINIK", "TİPİ": "İLÇE" }, "bbox": [ 27.3793562, 39.0987274, 27.3793562, 39.0987274 ], "geometry": { "type": "Point", "coordinates": [ 27.3793562, 39.0987274 ] } },
{ "type": "Feature", "properties": { "Il_Adi": "İZMİR", "Ilce_Adi": "KİRAZ", "TİPİ": "İLÇE" }, "bbox": [ 28.208868, 38.2333771, 28.208868, 38.2333771 ], "geometry": { "type": "Point", "coordinates": [ 28.208868, 38.2333771 ] } },
{ "type": "Feature", "properties": { "Il_Adi": "İZMİR", "Ilce_Adi": "MENDERES", "TİPİ": "İLÇE" }, "bbox": [ 27.1325813, 38.2541283, 27.1325813, 38.2541283 ], "geometry": { "type": "Point", "coordinates": [ 27.1325813, 38.2541283 ] } },
{ "type": "Feature", "properties": { "Il_Adi": "İZMİR", "Ilce_Adi": "MENEMEN", "TİPİ": "İLÇE" }, "bbox": [ 27.0700634, 38.6108864, 27.0700634, 38.6108864 ], "geometry": { "type": "Point", "coordinates": [ 27.0700634, 38.6108864 ] } },
{ "type": "Feature", "properties": { "Il_Adi": "İZMİR", "Ilce_Adi": "ÖDEMİŞ", "TİPİ": "İLÇE" }, "bbox": [ 27.9768712, 38.2292289, 27.9768712, 38.2292289 ], "geometry": { "type": "Point", "coordinates": [ 27.9768712, 38.2292289 ] } },
{ "type": "Feature", "properties": { "Il_Adi": "İZMİR", "Ilce_Adi": "SEFERİHİSAR", "TİPİ": "İLÇE" }, "bbox": [ 26.8395399, 38.1980354, 26.8395399, 38.1980354 ], "geometry": { "type": "Point", "coordinates": [ 26.8395399, 38.1980354 ] } },
{ "type": "Feature", "properties": { "Il_Adi": "İZMİR", "Ilce_Adi": "SELÇUK", "TİPİ": "İLÇE" }, "bbox": [ 27.3704958, 37.9515127, 27.3704958, 37.9515127 ], "geometry": { "type": "Point", "coordinates": [ 27.3704958, 37.9515127 ] } },
{ "type": "Feature", "properties": { "Il_Adi": "İZMİR", "Ilce_Adi": "TİRE", "TİPİ": "İLÇE" }, "bbox": [ 27.7335019, 38.0913088, 27.7335019, 38.0913088 ], "geometry": { "type": "Point", "coordinates": [ 27.7335019, 38.0913088 ] } },
{ "type": "Feature", "properties": { "Il_Adi": "İZMİR", "Ilce_Adi": "TORBALI", "TİPİ": "İLÇE" }, "bbox": [ 27.3584025, 38.1561402, 27.3584025, 38.1561402 ], "geometry": { "type": "Point", "coordinates": [ 27.3584025, 38.1561402 ] } },
{ "type": "Feature", "properties": { "Il_Adi": "İZMİR", "Ilce_Adi": "URLA", "TİPİ": "İLÇE" }, "bbox": [ 26.7597885, 38.316227, 26.7597885, 38.316227 ], "geometry": { "type": "Point", "coordinates": [ 26.7597885, 38.316227 ] } },
{ "type": "Feature", "properties": { "Il_Adi": "İZMİR", "Ilce_Adi": "KARABAĞLAR", "TİPİ": "İLÇE" }, "bbox": [ 27.115543, 38.3888503, 27.115543, 38.3888503 ], "geometry": { "type": "Point", "coordinates": [ 27.115543, 38.3888503 ] } },
{ "type": "Feature", "properties": { "Il_Adi": "İZMİR", "Ilce_Adi": "BAYRAKLI", "TİPİ": "İLÇE" }, "bbox": [ 27.1696924, 38.4760634, 27.1696924, 38.4760634 ], "geometry": { "type": "Point", "coordinates": [ 27.1696924, 38.4760634 ] } },
{ "type": "Feature", "properties": { "Il_Adi": "İSTANBUL", "Ilce_Adi": null, "TİPİ": "İL" }, "bbox": [ 29.0107856, 41.0219614, 29.0107856, 41.0219614 ], "geometry": { "type": "Point", "coordinates": [ 29.0107856, 41.0219614 ] } },
{ "type": "Feature", "properties": { "Il_Adi": "İZMİR", "Ilce_Adi": null, "TİPİ": "İL" }, "bbox": [ 27.152965, 38.4102591, 27.152965, 38.4102591 ], "geometry": { "type": "Point", "coordinates": [ 27.152965, 38.4102591 ] } },
{ "type": "Feature", "properties": { "Il_Adi": "ARTVİN", "Ilce_Adi": "KEMALPAŞA", "TİPİ": "İLÇE" }, "bbox": [ 41.5302793, 41.4867993, 41.5302793, 41.4867993 ], "geometry": { "type": "Point", "coordinates": [ 41.5302793, 41.4867993 ] } },
{ "type": "Feature", "properties": { "Il_Adi": "AKSARAY", "Ilce_Adi": "SULTANHANI", "TİPİ": "İLÇE" }, "bbox": [ 33.5510452, 38.2484281, 33.5510452, 38.2484281 ], "geometry": { "type": "Point", "coordinates": [ 33.5510452, 38.2484281 ] } },
{ "type": "Feature", "properties": { "Il_Adi": "HAKKARİ", "Ilce_Adi": "DERECİK", "TİPİ": "İLÇE" }, "bbox": [ 44.3116744, 37.0828746, 44.3116744, 37.0828746 ], "geometry": { "type": "Point", "coordinates": [ 44.3116744, 37.0828746 ] } }
]
}
